3314	POLYGON((13.245%2045.76%2C%2013.4%2045.725%2C%2013.569%2045.777%2C%2013.524%2045.407%2C%2014.621%2045.215%2C%2015.779%2043.756%2C%2017.468%2043.013%2C%2018.633%2042.369%2C%2019.358%2041.915%2C%2019.62%2041.791%2C%2019.452%2041.579%2C%2019.462%2041.312%2C%2019.403%2040.893%2C%2019.378%2040.535%2C%2019.305%2040.432%2C%2019.656%2040.127%2C%2019.956%2039.89%2C%2019.88%2039.804%2C%2018.432%2040.011%2C%2018.315%2040.375%2C%2017.944%2040.642%2C%2017.551%2040.802%2C%2017.104%2041.055%2C%2016.675%2041.19%2C%2016.235%2041.343%2C%2015.937%2041.632%2C%2016.181%2041.885%2C%2015.576%2041.92%2C%2014.972%2042.008%2C%2014.503%2042.272%2C%2014.087%2042.588%2C%2013.859%2043.037%2C%2013.635%2043.484%2C%2013.245%2043.703%2C%2012.71%2043.976%2C%2012.32%2044.381%2C%2012.365%2044.808%2C%2012.15%2045.024%2C%2012.442%2044.99%2C%2012.342%2045.086%2C%2012.221%2045.195%2C%2012.195%2045.327%2C%2012.242%2045.453%2C%2012.407%2045.515%2C%2012.606%2045.536%2C%2012.481%2045.45%2C%2012.913%2045.638%2C%2013.132%2045.68%2C%2013.247%2045.781%2C%2013.245%2045.76))
3315	POLYGON((25.115%2041.088%2C%2025.28%2040.934%2C%2025.891%2040.845%2C%2026.749%2040.546%2C%2026.836%2038.742%2C%2026.31%2038.368%2C%2027.33%2037.378%2C%2028.079%2037.022%2C%2028.091%2036.756%2C%2027.879%2036.322%2C%2027.732%2035.961%2C%2027.232%2035.822%2C%2027.108%2035.53%2C%2026.302%2035.315%2C%2025.96%2035.196%2C%2025.736%2035.24%2C%2025.388%2035.326%2C%2024.955%2035.402%2C%2024.497%2035.368%2C%2024.165%2035.46%2C%2024.059%2035.555%2C%2023.75%2035.687%2C%2023.607%2035.594%2C%2023.097%2036.251%2C%2023.063%2036.474%2C%2023.03%2036.639%2C%2023.035%2036.901%2C%2022.906%2037.187%2C%2022.732%2037.479%2C%2023.014%2037.467%2C%2023.11%2037.333%2C%2023.261%2037.389%2C%2023.416%2037.533%2C%2023.247%2037.58%2C%2023.135%2037.832%2C%2023.243%2037.976%2C%2023.571%2038.0%2C%2023.77%2037.82%2C%2024.016%2037.657%2C%2024.023%2037.871%2C%2024.061%2038.178%2C%2023.632%2038.382%2C%2023.369%2038.531%2C%2023.125%2038.633%2C%2022.695%2038.851%2C%2022.698%2038.882%2C%2023.031%2039.036%2C%2022.871%2039.183%2C%2023.023%2039.315%2C%2023.096%2039.101%2C%2023.261%2039.134%2C%2023.144%2039.436%2C%2022.841%2039.805%2C%2022.584%2040.204%2C%2022.663%2040.525%2C%2022.889%2040.644%2C%2022.89%2040.375%2C%2023.309%2040.09%2C%2023.691%2039.934%2C%2023.393%2040.276%2C%2023.812%2040.032%2C%2024.02%2040.011%2C%2023.742%2040.239%2C%2024.298%2040.239%2C%2023.851%2040.559%2C%2023.984%2040.735%2C%2024.347%2040.901%2C%2024.706%2040.852%2C%2025.111%2041.015%2C%2025.115%2041.088))
3324	POLYGON((-2.193%2036.721%2C%20-2.504%2035.097%2C%20-2.781%2035.101%2C%20-2.909%2035.25%2C%20-3.095%2035.275%2C%20-3.667%2035.27%2C%20-4.048%2035.232%2C%20-4.574%2035.188%2C%20-5.009%2035.393%2C%20-5.284%2035.687%2C%20-5.239%2036.332%2C%20-4.741%2036.483%2C%20-4.269%2036.713%2C%20-3.679%2036.73%2C%20-3.154%2036.747%2C%20-2.605%2036.763%2C%20-2.193%2036.721))
4274	POLYGON((96.868%2017.666%2C%2097.589%2017.036%2C%2097.812%2015.011%2C%2098.177%2014.027%2C%2098.679%2012.611%2C%2098.748%2011.978%2C%2098.698%2011.086%2C%2098.611%2010.111%2C%2098.463%209.491%2C%2098.27%207.986%2C%2095.322%205.589%2C%2095.14%205.673%2C%2092.441%2010.829%2C%2092.782%2012.64%2C%2092.925%2013.057%2C%2094.687%2016.349%2C%2095.832%2017.021%2C%2096.798%2016.939%2C%2096.868%2017.666))
4268	POLYGON((66.352%2025.595%2C%2067.398%2024.584%2C%2067.631%2024.138%2C%2068.29%2023.958%2C%2068.571%2023.375%2C%2070.55%2023.143%2C%2069.278%2022.271%2C%2071.117%2020.76%2C%2072.389%2022.171%2C%2073.169%2021.802%2C%2072.748%2020.201%2C%2072.981%2019.13%2C%2073.026%2017.989%2C%2073.221%2017.268%2C%2073.401%2016.299%2C%2073.808%2015.386%2C%2051.328%2010.472%2C%2053.986%2016.924%2C%2057.104%2018.874%2C%2059.822%2022.316%2C%2065.135%2025.303%2C%2066.352%2025.595))
4347	POLYGON((136.712%20-15.95%2C%20135.669%20-15.079%2C%20136.832%20-12.467%2C%20135.171%20-12.31%2C%20132.125%20-11.344%2C%20131.275%20-7.937%2C%20131.683%20-7.447%2C%20132.008%20-6.987%2C%20133.408%20-3.71%2C%20133.409%20-3.68%2C%20133.496%20-3.379%2C%20133.809%20-2.915%2C%20133.695%20-3.215%2C%20133.783%20-3.596%2C%20134.103%20-3.771%2C%20134.358%20-3.953%2C%20134.9%20-3.938%2C%20134.692%20-4.066%2C%20134.949%20-4.31%2C%20135.688%20-4.487%2C%20136.058%20-4.56%2C%20136.347%20-4.644%2C%20136.651%20-4.813%2C%20136.849%20-4.767%2C%20137.004%20-4.9%2C%20137.151%20-4.78%2C%20137.215%20-4.852%2C%20137.37%20-4.895%2C%20137.43%20-5.03%2C%20137.479%20-5.038%2C%20137.643%20-4.879%2C%20137.575%20-5.134%2C%20137.789%20-5.052%2C%20137.768%20-5.233%2C%20137.743%20-5.319%2C%20137.963%20-5.204%2C%20138.277%20-5.019%2C%20138.129%20-5.313%2C%20138.365%20-5.177%2C%20138.405%20-5.426%2C%20138.288%20-5.53%2C%20138.687%20-5.613%2C%20138.472%20-5.882%2C%20138.659%20-6.574%2C%20139.284%20-6.866%2C%20139.756%20-7.179%2C%20140.388%20-6.682%2C%20139.754%20-7.206%2C%20139.214%20-7.191%2C%20139.147%20-7.521%2C%20138.954%20-8.329%2C%20139.458%20-8.194%2C%20140.196%20-7.754%2C%20139.995%20-8.201%2C%20140.394%20-8.474%2C%20142.028%20-11.665%2C%20141.589%20-13.915%2C%20140.622%20-17.651%2C%20136.712%20-15.95))
1906	POLYGON((180.0%2090.0%2C%20124.774%2077.834%2C%2052.261%2081.32%2C%2023.418%2080.131%2C%2019.218%2080.187%2C%20-21.323%2082.826%2C%20-29.399%2083.227%2C%20-64.175%2083.194%2C%20-79.454%2082.684%2C%20-85.027%2082.025%2C%20-110.728%2078.748%2C%20-119.614%2077.128%2C%20-129.701%2075.327%2C%20-170.47%2090.0%2C%20-89.555%2090.0%2C%20-8.632%2090.0%2C%2072.291%2090.0%2C%20153.208%2090.0%2C%20180.0%2090.0))
3320	POLYGON((40.43%2047.373%2C%2039.776%2047.205%2C%2039.431%2047.117%2C%2038.591%2046.86%2C%2038.166%2046.696%2C%2038.11%2046.392%2C%2038.254%2046.171%2C%2038.071%2045.971%2C%2037.615%2045.664%2C%2037.2%2045.335%2C%2036.723%2045.362%2C%2036.899%2045.26%2C%2036.413%2045.229%2C%2036.637%2045.378%2C%2035.961%2045.373%2C%2035.325%2045.392%2C%2034.815%2046.125%2C%2034.864%2045.94%2C%2034.902%2045.861%2C%2035.145%2045.55%2C%2035.304%2045.298%2C%2034.913%2045.681%2C%2034.771%2045.901%2C%2034.553%2045.84%2C%2034.64%2046.089%2C%2034.824%2046.19%2C%2035.339%2046.34%2C%2034.993%2046.094%2C%2036.154%2046.67%2C%2036.16%2046.535%2C%2036.793%2046.671%2C%2037.399%2046.955%2C%2037.977%2047.097%2C%2038.514%2047.193%2C%2038.94%2047.254%2C%2039.581%2047.207%2C%2039.341%2047.176%2C%2039.895%2047.263%2C%2040.43%2047.373))
4253	POLYGON((-71.549%2070.029%2C%20-73.416%2071.031%2C%20-75.138%2071.465%2C%20-76.693%2073.309%2C%20-78.078%2077.019%2C%20-78.264%2077.86%2C%20-76.535%2079.021%2C%20-77.02%2079.39%2C%20-72.176%2080.082%2C%20-69.32%2081.258%2C%20-56.243%2082.27%2C%20-63.584%2080.968%2C%20-66.237%2079.087%2C%20-72.684%2078.182%2C%20-67.864%2077.378%2C%20-68.17%2076.585%2C%20-64.436%2076.268%2C%20-58.097%2075.112%2C%20-56.225%2074.041%2C%20-54.738%2072.756%2C%20-55.132%2071.899%2C%20-51.852%2071.436%2C%20-50.559%2070.534%2C%20-65.282%2070.0%2C%20-68.674%2070.635%2C%20-71.549%2070.029))
3322	POLYGON((3.181%2041.875%2C%200.113%2038.845%2C%20-0.232%2039.127%2C%20-0.303%2039.541%2C%20-0.026%2039.9%2C%200.287%2040.252%2C%200.543%2040.569%2C%200.659%2040.574%2C%200.851%2040.681%2C%200.514%2040.856%2C%200.653%2040.718%2C%200.711%2040.809%2C%201.113%2041.072%2C%201.427%2041.151%2C%202.138%2041.294%2C%202.448%2041.533%2C%202.938%2041.721%2C%203.181%2041.875))
4340	POLYGON((115.752%20-7.144%2C%20117.037%20-8.443%2C%20116.774%20-8.621%2C%20116.752%20-8.893%2C%20116.529%20-8.839%2C%20116.657%20-8.541%2C%20116.496%20-8.248%2C%20116.07%20-8.402%2C%20116.033%20-8.721%2C%20115.626%20-8.774%2C%20115.225%20-8.819%2C%20115.316%20-8.617%2C%20115.71%20-8.398%2C%20115.259%20-8.086%2C%20114.748%20-8.168%2C%20114.462%20-8.17%2C%20114.716%20-8.396%2C%20115.157%20-8.69%2C%20114.449%20-8.639%2C%20114.359%20-8.333%2C%20114.459%20-7.848%2C%20115.752%20-7.144))
2409	POLYGON((21.725%2057.576%2C%2022.397%2058.214%2C%2022.64%2058.24%2C%2022.946%2058.337%2C%2023.079%2058.38%2C%2023.145%2058.463%2C%2023.311%2058.434%2C%2023.145%2058.551%2C%2023.303%2058.535%2C%2023.17%2058.677%2C%2022.746%2058.574%2C%2022.809%2058.765%2C%2023.02%2058.841%2C%2022.713%2059.007%2C%2023.431%2059.044%2C%2023.627%2058.988%2C%2023.447%2058.942%2C%2023.464%2058.77%2C%2023.523%2058.737%2C%2023.538%2058.56%2C%2023.659%2058.514%2C%2023.796%2058.344%2C%2024.122%2058.233%2C%2024.521%2058.387%2C%2024.481%2058.074%2C%2024.381%2057.487%2C%2024.116%2057.019%2C%2024.225%2056.846%2C%2023.906%2056.979%2C%2023.599%2056.878%2C%2023.596%2056.972%2C%2023.001%2057.396%2C%2021.725%2057.576))
4349	POLYGON((123.112%20-0.845%2C%20123.296%20-1.279%2C%20123.217%20-1.191%2C%20122.814%20-1.317%2C%20122.952%20-1.545%2C%20123.16%20-1.417%2C%20123.257%20-1.635%2C%20123.423%20-1.517%2C%20123.581%20-1.712%2C%20124.477%20-2.02%2C%20125.009%20-1.943%2C%20125.402%20-1.871%2C%20125.875%20-1.911%2C%20125.975%20-2.416%2C%20126.044%20-3.437%2C%20126.403%20-3.722%2C%20126.811%20-3.805%2C%20127.247%20-3.55%2C%20127.065%20-3.263%2C%20128.163%20-2.872%2C%20127.943%20-3.118%2C%20127.922%20-3.563%2C%20128.125%20-3.098%2C%20128.312%20-3.279%2C%20128.697%20-3.344%2C%20128.989%20-3.355%2C%20129.487%20-3.458%2C%20129.771%20-3.33%2C%20130.268%20-3.578%2C%20130.776%20-3.84%2C%20131.727%20-4.716%2C%20133.01%20-5.615%2C%20132.847%20-5.983%2C%20131.653%20-7.179%2C%20131.446%20-7.336%2C%20131.216%20-7.546%2C%20131.141%20-7.697%2C%20131.093%20-7.835%2C%20130.987%20-8.148%2C%20128.136%20-8.215%2C%20127.762%20-8.112%2C%20125.041%20-8.356%2C%20124.8%20-8.157%2C%20124.327%20-8.199%2C%20123.917%20-8.237%2C%20123.633%20-8.278%2C%20123.476%20-8.252%2C%20123.069%20-8.283%2C%20121.159%20-7.345%2C%20120.74%20-7.077%2C%20120.543%20-6.154%2C%20121.865%20-5.119%2C%20121.872%20-5.381%2C%20122.043%20-5.242%2C%20121.869%20-4.869%2C%20122.032%20-4.666%2C%20122.253%20-4.493%2C%20122.559%20-4.4%2C%20122.673%20-4.363%2C%20122.886%20-4.271%2C%20122.817%20-4.137%2C%20122.581%20-3.981%2C%20122.462%20-3.823%2C%20122.244%20-3.563%2C%20122.247%20-3.411%2C%20122.331%20-3.365%2C%20122.43%20-3.237%2C%20122.309%20-2.945%2C%20122.032%20-2.674%2C%20121.743%20-2.231%2C%20121.482%20-2.018%2C%20121.34%20-1.89%2C%20121.46%20-1.826%2C%20121.732%20-1.894%2C%20121.905%20-1.7%2C%20122.326%20-1.523%2C%20122.575%20-1.259%2C%20122.893%20-0.929%2C%20123.112%20-0.845))
4247	POLYGON((57.731%2075.416%2C%2055.899%2074.652%2C%2056.282%2074.043%2C%2055.06%2073.677%2C%2053.165%2072.997%2C%2052.619%2072.347%2C%2052.521%2071.713%2C%2054.054%2071.215%2C%2055.19%2070.562%2C%2056.449%2070.707%2C%2060.72%2069.104%2C%2060.753%2068.811%2C%2058.969%2068.594%2C%2057.204%2068.246%2C%2054.936%2068.318%2C%2052.586%2067.532%2C%2052.561%2065.944%2C%2052.917%2067.87%2C%2054.242%2068.986%2C%2052.033%2068.512%2C%2047.825%2067.359%2C%2045.807%2066.887%2C%2039.472%2068.072%2C%2037.309%2068.792%2C%2034.235%2069.298%2C%2033.464%2069.259%2C%2032.315%2069.623%2C%2030.746%2069.775%2C%2029.538%2069.987%2C%2029.311%2070.683%2C%2028.273%2070.835%2C%2026.549%2070.505%2C%2025.775%2070.82%2C%2019.011%2078.437%2C%2018.832%2079.713%2C%2045.14%2080.57%2C%2064.885%2076.441%2C%2059.012%2075.852%2C%2057.731%2075.416))
4366	POLYGON((149.905%20-37.543%2C%20147.992%20-39.664%2C%20147.841%20-39.814%2C%20147.884%20-40.01%2C%20148.063%20-40.254%2C%20148.479%20-40.43%2C%20148.179%20-40.344%2C%20148.124%20-40.44%2C%20148.436%20-40.458%2C%20148.178%20-40.833%2C%20147.959%20-40.756%2C%20147.585%20-40.869%2C%20147.245%20-40.966%2C%20146.831%20-41.042%2C%20146.93%20-41.216%2C%20147.084%20-41.385%2C%20146.851%20-41.188%2C%20146.713%20-41.076%2C%20146.569%20-41.182%2C%20146.366%20-41.167%2C%20146.126%20-41.133%2C%20145.744%20-40.991%2C%20145.448%20-40.873%2C%20145.272%20-40.73%2C%20145.094%20-40.811%2C%20144.944%20-40.75%2C%20144.684%20-40.676%2C%20144.107%20-39.701%2C%20143.584%20-38.826%2C%20143.967%20-38.568%2C%20144.377%20-38.307%2C%20144.629%20-38.253%2C%20144.38%20-38.145%2C%20144.578%20-38.016%2C%20144.939%20-37.821%2C%20145.025%20-38.23%2C%20144.717%20-38.345%2C%20145.034%20-38.463%2C%20145.198%20-38.309%2C%20145.448%20-38.22%2C%20145.421%20-38.512%2C%20145.7%20-38.647%2C%20145.908%20-38.857%2C%20146.145%20-38.809%2C%20146.297%20-39.024%2C%20146.425%20-39.084%2C%20146.476%20-38.788%2C%20146.21%20-38.736%2C%20146.464%20-38.703%2C%20146.668%20-38.663%2C%20146.892%20-38.613%2C%20147.925%20-37.899%2C%20147.716%20-37.986%2C%20147.462%20-38.071%2C%20147.729%20-37.909%2C%20147.817%20-37.856%2C%20148.073%20-37.85%2C%20148.124%20-37.835%2C%20148.724%20-37.807%2C%20149.139%20-37.776%2C%20149.503%20-37.75%2C%20149.713%20-37.524%2C%20149.742%20-37.528%2C%20149.905%20-37.543))
4256	POLYGON((-132.862%2068.959%2C%20-133.21%2069.029%2C%20-129.943%2069.907%2C%20-130.75%2070.072%2C%20-132.694%2069.616%2C%20-133.673%2068.316%2C%20-136.738%2068.828%2C%20-140.529%2069.592%2C%20-144.012%2070.057%2C%20-147.785%2070.219%2C%20-150.675%2070.299%2C%20-152.311%2070.545%2C%20-154.792%2070.845%2C%20-156.189%2070.839%2C%20-148.648%2072.54%2C%20-126.695%2071.485%2C%20-129.132%2069.686%2C%20-131.123%2069.541%2C%20-132.186%2069.189%2C%20-132.862%2068.959))
4273	POLYGON((79.696%209.079%2C%2079.757%2011.618%2C%2080.116%2014.07%2C%2080.014%2016.711%2C%2081.517%2017.465%2C%2084.814%2019.16%2C%2086.186%2020.454%2C%2085.713%2020.845%2C%2087.113%2021.516%2C%2088.381%2023.22%2C%2088.64%2022.208%2C%2089.248%2022.531%2C%2089.791%2022.611%2C%2089.77%2024.094%2C%2091.47%2022.842%2C%2092.04%2021.316%2C%2093.022%2020.433%2C%2093.704%2019.97%2C%2094.082%2019.292%2C%2094.385%2018.304%2C%2094.392%2016.905%2C%2093.811%206.76%2C%2080.815%206.04%2C%2081.201%206.176%2C%2081.56%206.373%2C%2081.771%206.659%2C%2081.861%207.092%2C%2081.827%207.429%2C%2081.734%207.639%2C%2081.771%207.455%2C%2081.7%207.62%2C%2081.685%207.693%2C%2081.519%207.912%2C%2081.54%207.97%2C%2081.383%208.187%2C%2081.379%208.386%2C%2081.15%208.506%2C%2081.229%208.571%2C%2081.103%208.818%2C%2080.912%208.947%2C%2080.902%209.097%2C%2080.79%209.255%2C%2080.62%209.456%2C%2080.381%209.479%2C%2080.218%209.538%2C%2080.155%209.445%2C%2080.072%209.08%2C%2079.885%209.054%2C%2079.696%209.079))
4310	POLYGON((173.153%2065.516%2C%20177.489%2064.851%2C%20178.785%2051.625%2C%20166.238%2055.316%2C%20163.056%2057.469%2C%20162.501%2058.733%2C%20163.64%2060.015%2C%20166.093%2059.832%2C%20169.743%2060.392%2C%20172.484%2061.05%2C%20173.91%2061.69%2C%20179.51%2062.613%2C%20177.561%2064.385%2C%20174.61%2064.425%2C%20172.33%2065.146%2C%20173.153%2065.516))
2359	POLYGON((-4.1%2047.972%2C%20-3.902%2047.849%2C%20-3.674%2047.776%2C%20-3.364%2047.727%2C%20-3.291%2047.689%2C%20-3.187%2047.738%2C%20-3.208%2047.659%2C%20-3.104%2047.584%2C%20-2.955%2047.596%2C%20-2.825%2047.615%2C%20-2.717%2047.575%2C%20-2.835%2047.493%2C%20-2.595%2047.517%2C%20-2.339%2047.512%2C%20-2.506%2047.308%2C%20-2.177%2047.294%2C%20-1.397%2047.285%2C%20-1.651%2047.191%2C%20-2.19%2047.158%2C%20-2.111%2046.915%2C%20-1.778%2046.492%2C%20-1.295%2046.307%2C%20-1.228%2046.164%2C%20-1.004%2045.944%2C%20-1.01%2045.715%2C%20-1.079%2045.638%2C%20-0.722%2045.341%2C%20-0.326%2044.934%2C%20-0.258%2044.891%2C%20-0.537%2044.903%2C%20-0.445%2044.714%2C%20-0.702%2045.115%2C%20-1.056%2045.524%2C%20-1.247%2044.733%2C%20-1.099%2044.646%2C%20-1.364%2043.954%2C%20-1.321%2043.503%2C%20-1.613%2043.426%2C%20-1.998%2043.316%2C%20-2.552%2043.38%2C%20-2.998%2043.387%2C%20-3.141%2043.353%2C%20-5.686%2043.56%2C%20-7.245%2043.565%2C%20-7.555%2043.73%2C%20-7.696%2043.774%2C%20-7.859%2043.761%2C%20-4.165%2047.894%2C%20-4.1%2047.972))
4360	POLYGON((144.475%20-1.122%2C%20146.563%20-2.019%2C%20146.52%20-2.216%2C%20146.695%20-2.144%2C%20147.09%20-2.19%2C%20147.3%20-2.074%2C%20147.414%20-2.035%2C%20147.381%20-2.079%2C%20149.643%20-2.34%2C%20149.981%20-2.51%2C%20150.281%20-2.666%2C%20150.463%20-2.548%2C%20150.808%20-2.64%2C%20150.857%20-2.698%2C%20150.811%20-2.788%2C%20151.147%20-2.906%2C%20151.592%20-3.165%2C%20151.853%20-3.381%2C%20152.203%20-3.521%2C%20152.478%20-3.847%2C%20152.683%20-4.347%2C%20152.839%20-4.77%2C%20152.383%20-4.679%2C%20152.305%20-4.336%2C%20152.234%20-4.241%2C%20151.938%20-4.339%2C%20151.653%20-4.195%2C%20151.537%20-4.393%2C%20151.688%20-4.788%2C%20151.347%20-4.922%2C%20150.949%20-5.449%2C%20150.66%20-5.538%2C%20150.163%20-5.552%2C%20150.02%20-5.292%2C%20150.09%20-4.999%2C%20149.928%20-5.383%2C%20149.763%20-5.526%2C%20149.601%20-5.49%2C%20149.251%20-5.573%2C%20148.998%20-5.466%2C%20148.576%20-5.536%2C%20147.759%20-5.576%2C%20148.008%20-5.829%2C%20147.058%20-5.914%2C%20146.636%20-5.765%2C%20146.243%20-5.573%2C%20145.898%20-5.489%2C%20145.798%20-5.221%2C%20145.8%20-5.118%2C%20145.768%20-4.813%2C%20145.496%20-4.541%2C%20145.191%20-4.395%2C%20144.951%20-4.236%2C%20144.681%20-4.12%2C%20144.649%20-4.441%2C%20144.644%20-4.357%2C%20144.668%20-4.121%2C%20144.447%20-3.942%2C%20144.47%20-3.906%2C%20144.119%20-4.098%2C%20143.942%20-4.132%2C%20143.877%20-4.482%2C%20143.863%20-4.397%2C%20143.737%20-4.234%2C%20143.824%20-4.141%2C%20144.355%20-3.989%2C%20144.376%20-3.784%2C%20144.42%20-3.817%2C%20144.261%20-3.82%2C%20144.119%20-3.8%2C%20143.86%20-3.689%2C%20143.577%20-3.516%2C%20142.673%20-3.269%2C%20142.012%20-2.973%2C%20143.538%20-1.322%2C%20144.475%20-1.122))
3319	POLYGON((31.939%2046.939%2C%2031.793%2046.277%2C%2032.549%2045.337%2C%2035.795%2045.052%2C%2042.166%2042.162%2C%2038.319%2040.923%2C%2033.275%2041.996%2C%2029.033%2041.246%2C%2027.773%2043.196%2C%2028.288%2045.413%2C%2030.744%2046.495%2C%2031.939%2046.939))
3141	POLYGON((-4.529%2051.017%2C%20-4.45%2051.735%2C%20-4.377%2051.733%2C%20-4.148%2051.638%2C%20-4.116%2051.571%2C%20-3.764%2051.541%2C%20-3.233%2051.4%2C%20-2.776%2051.571%2C%20-2.376%2051.797%2C%20-2.583%2051.633%2C%20-2.982%2051.345%2C%20-3.284%2051.181%2C%20-4.086%2051.217%2C%20-4.138%2051.079%2C%20-4.529%2051.017))
4287	POLYGON((-74.294%2020.066%2C%20-73.566%2018.586%2C%20-72.933%2018.165%2C%20-69.632%2018.439%2C%20-66.398%2017.948%2C%20-59.639%2013.592%2C%20-61.898%2010.044%2C%20-62.578%208.451%2C%20-62.185%209.075%2C%20-63.031%2010.46%2C%20-63.47%2010.652%2C%20-64.589%2010.243%2C%20-67.612%2010.506%2C%20-69.802%2011.944%2C%20-70.836%2011.197%2C%20-72.118%209.107%2C%20-71.967%209.535%2C%20-71.695%2012.437%2C%20-73.083%2011.426%2C%20-75.503%2010.576%2C%20-76.76%208.251%2C%20-77.878%209.114%2C%20-79.77%209.445%2C%20-79.808%209.075%2C%20-80.035%209.049%2C%20-81.946%209.136%2C%20-83.032%2010.003%2C%20-84.027%2012.106%2C%20-83.746%2012.936%2C%20-83.311%2014.806%2C%20-83.928%2015.497%2C%20-87.051%2015.777%2C%20-89.059%2015.448%2C%20-88.302%2016.773%2C%20-87.892%2018.279%2C%20-87.566%2019.416%2C%20-86.882%2020.841%2C%20-82.579%2022.688%2C%20-81.35%2022.064%2C%20-79.415%2021.594%2C%20-77.129%2020.521%2C%20-75.626%2019.906%2C%20-74.294%2020.066))
4359	POLYGON((123.577%207.848%2C%20125.183%205.776%2C%20123.334%200.909%2C%20118.73%201.23%2C%20117.966%202.189%2C%20117.368%203.144%2C%20117.513%203.62%2C%20117.262%203.959%2C%20120.24%205.287%2C%20122.793%207.588%2C%20123.577%207.848))
2351	POLYGON((-6.96%2052.383%2C%20-6.824%2052.175%2C%20-6.623%2052.193%2C%20-5.138%2051.773%2C%20-4.966%2051.705%2C%20-4.886%2051.716%2C%20-5.0%2051.609%2C%20-4.638%2050.741%2C%20-4.927%2050.545%2C%20-5.049%2050.437%2C%20-5.364%2050.238%2C%20-5.705%2050.135%2C%20-4.603%2048.574%2C%20-4.752%2048.471%2C%20-4.477%2048.382%2C%20-4.354%2048.346%2C%20-4.281%2048.282%2C%20-4.497%2048.31%2C%20-4.524%2048.188%2C%20-4.405%2048.105%2C%20-4.534%2048.03%2C%20-9.822%2051.449%2C%20-9.586%2051.509%2C%20-9.347%2051.529%2C%20-9.2%2051.507%2C%20-8.97%2051.558%2C%20-8.699%2051.578%2C%20-8.522%2051.677%2C%20-8.476%2051.715%2C%20-8.324%2051.806%2C%20-8.316%2051.892%2C%20-8.194%2051.845%2C%20-7.914%2051.903%2C%20-7.758%2051.941%2C%20-7.508%2052.105%2C%20-7.023%2052.133%2C%20-7.303%2052.314%2C%20-6.96%2052.383))
4351	POLYGON((129.929%20-1.215%2C%20131.978%20-1.443%2C%20132.307%20-1.823%2C%20132.687%20-2.104%2C%20133.672%20-2.18%2C%20133.735%20-2.674%2C%20133.346%20-2.607%2C%20132.599%20-3.166%2C%20130.83%20-3.732%2C%20125.925%20-1.937%2C%20129.929%20-1.215))
4257	POLYGON((-179.495%2071.595%2C%20-159.317%2070.739%2C%20-159.992%2070.578%2C%20-162.364%2070.083%2C%20-166.391%2068.322%2C%20-161.727%2066.91%2C%20-159.826%2066.624%2C%20-160.159%2066.457%2C%20-161.751%2066.052%2C%20-167.858%2066.563%2C%20-173.618%2067.109%2C%20-174.351%2066.343%2C%20-175.606%2067.553%2C%20-176.819%2067.573%2C%20-177.81%2067.841%2C%20-178.707%2067.7%2C%20-179.092%2068.787%2C%20-177.812%2071.34%2C%20-179.495%2071.595))
4364	POLYGON((165.334%20-20.934%2C%20165.184%20-20.761%2C%20164.9%20-20.635%2C%20164.749%20-20.487%2C%20164.575%20-20.351%2C%20164.302%20-20.291%2C%20164.046%20-20.093%2C%20164.144%20-20.334%2C%20164.311%20-20.608%2C%20164.487%20-20.899%2C%20164.66%20-20.987%2C%20164.846%20-21.201%2C%20164.845%20-21.333%2C%20164.853%20-21.353%2C%20164.968%20-21.369%2C%20165.207%20-21.51%2C%20165.403%20-21.626%2C%20165.459%20-21.624%2C%20165.757%20-21.808%2C%20165.878%20-21.887%2C%20166.168%20-22.098%2C%20166.344%20-22.195%2C%20166.586%20-22.293%2C%20166.89%20-22.376%2C%20167.029%20-22.24%2C%20166.898%20-22.046%2C%20166.641%20-21.928%2C%20166.443%20-21.727%2C%20166.106%20-21.514%2C%20166.007%20-21.445%2C%20165.825%20-21.389%2C%20165.554%20-21.148%2C%20165.411%20-20.966%2C%20165.334%20-20.934))
4250	POLYGON((-47.448%2060.813%2C%20-46.252%2061.06%2C%20-45.955%2060.828%2C%20-45.35%2060.525%2C%20-44.873%2060.074%2C%20-64.716%2060.268%2C%20-65.941%2061.896%2C%20-66.94%2062.697%2C%20-68.559%2063.726%2C%20-67.352%2063.445%2C%20-65.851%2063.01%2C%20-65.159%2062.918%2C%20-65.008%2063.452%2C%20-65.162%2064.004%2C%20-66.094%2064.787%2C%20-67.118%2065.241%2C%20-67.875%2065.572%2C%20-68.217%2066.119%2C%20-67.728%2066.04%2C%20-67.382%2066.318%2C%20-67.063%2066.643%2C%20-65.731%2065.961%2C%20-64.647%2065.141%2C%20-63.4%2065.105%2C%20-62.607%2065.652%2C%20-61.682%2066.322%2C%20-63.344%2066.791%2C%20-64.149%2067.317%2C%20-66.171%2067.981%2C%20-67.692%2068.563%2C%20-68.884%2069.087%2C%20-61.102%2070.0%2C%20-50.949%2070.02%2C%20-50.695%2069.118%2C%20-51.945%2068.585%2C%20-52.575%2068.267%2C%20-52.252%2068.104%2C%20-53.148%2067.899%2C%20-51.107%2067.76%2C%20-53.823%2067.314%2C%20-53.651%2066.922%2C%20-53.64%2066.493%2C%20-53.274%2065.935%2C%20-52.507%2065.446%2C%20-52.178%2064.926%2C%20-52.061%2064.586%2C%20-50.53%2064.741%2C%20-50.269%2064.206%2C%20-51.176%2063.372%2C%20-49.714%2063.032%2C%20-49.188%2062.0%2C%20-48.984%2061.394%2C%20-47.448%2060.813))
4244	POLYGON((158.737%2068.393%2C%20157.224%2068.035%2C%20158.405%2068.817%2C%20160.542%2069.675%2C%20159.718%2069.806%2C%20158.163%2070.647%2C%20156.69%2070.821%2C%20151.689%2070.964%2C%20147.719%2069.575%2C%20144.622%2067.735%2C%20143.076%2066.539%2C%20143.398%2064.561%2C%20143.073%2066.489%2C%20144.776%2067.823%2C%20144.521%2068.52%2C%20145.728%2068.424%2C%20146.987%2070.43%2C%20149.743%2071.625%2C%20146.471%2071.941%2C%20144.436%2071.289%2C%20146.4%2072.022%2C%20145.719%2072.508%2C%20141.08%2073.842%2C%20140.813%2073.602%2C%20142.253%2074.939%2C%20143.018%2075.142%2C%20140.971%2075.681%2C%20153.926%2076.968%2C%20177.475%2069.592%2C%20173.852%2069.845%2C%20170.697%2069.512%2C%20169.755%2068.767%2C%20164.123%2069.748%2C%20158.737%2068.393))
4302	POLYGON((130.726%2033.372%2C%20130.213%2031.848%2C%20130.635%2031.547%2C%20127.879%2026.64%2C%20121.71%2025.17%2C%20119.477%2025.639%2C%20119.914%2026.341%2C%20119.568%2026.719%2C%20119.833%2026.527%2C%20120.235%2027.255%2C%20120.815%2027.968%2C%20121.586%2028.274%2C%20121.634%2029.093%2C%20121.974%2029.573%2C%20121.511%2029.806%2C%20120.223%2030.259%2C%20119.433%2032.223%2C%20119.241%2032.999%2C%20121.885%2031.694%2C%20127.814%2032.811%2C%20130.726%2033.372))
2389	POLYGON((1.402%2051.166%2C%201.572%2050.721%2C%201.553%2050.257%2C%201.459%2050.122%2C%200.902%2049.901%2C%200.19%2049.705%2C%200.241%2049.448%2C%200.819%2049.459%2C%200.477%2049.475%2C%20-0.219%2049.285%2C%20-0.931%2049.393%2C%20-1.238%2049.641%2C%20-1.838%2049.709%2C%20-1.735%2049.337%2C%20-1.535%2049.037%2C%20-1.375%2048.647%2C%20-1.864%2048.655%2C%20-1.957%2048.576%2C%20-2.169%2048.593%2C%20-2.392%2048.648%2C%20-2.757%2048.564%2C%20-3.009%2048.805%2C%20-3.109%2048.866%2C%20-3.282%2048.848%2C%20-3.549%2048.814%2C%20-3.653%2048.684%2C%20-3.907%2048.671%2C%20-4.067%2048.686%2C%20-4.437%2048.632%2C%20-5.536%2050.114%2C%20-5.183%2049.967%2C%20-5.113%2050.103%2C%20-5.016%2050.249%2C%20-4.956%2050.202%2C%20-4.652%2050.326%2C%20-4.321%2050.361%2C%20-4.291%2050.384%2C%20-4.156%2050.461%2C%20-4.049%2050.334%2C%20-3.878%2050.271%2C%20-3.698%2050.212%2C%20-3.525%2050.344%2C%20-3.457%2050.585%2C%20-2.975%2050.708%2C%20-2.415%2050.55%2C%20-1.958%2050.591%2C%20-2.018%2050.711%2C%20-1.534%2050.744%2C%20-1.478%2050.92%2C%20-1.12%2050.784%2C%20-0.979%2050.837%2C%20-0.903%2050.788%2C%20-0.113%2050.814%2C%200.562%2050.85%2C%201.176%2051.075%2C%201.402%2051.166))
4341	POLYGON((120.328%20-5.511%2C%20120.432%20-6.166%2C%20120.638%20-7.005%2C%20120.814%20-7.259%2C%20121.744%20-7.408%2C%20122.822%20-8.194%2C%20122.671%20-8.388%2C%20122.386%20-8.609%2C%20122.011%20-8.517%2C%20121.802%20-8.51%2C%20121.54%20-8.597%2C%20121.231%20-8.463%2C%20120.985%20-8.358%2C%20120.605%20-8.258%2C%20120.225%20-8.305%2C%20120.043%20-8.396%2C%20119.875%20-8.51%2C%20119.306%20-8.411%2C%20118.722%20-8.44%2C%20118.669%20-8.325%2C%20118.283%20-8.362%2C%20117.962%20-8.107%2C%20117.773%20-8.304%2C%20118.151%20-8.516%2C%20118.151%20-8.653%2C%20117.858%20-8.704%2C%20117.725%20-8.562%2C%20117.589%20-8.497%2C%20117.315%20-8.439%2C%20119.466%20-5.587%2C%20119.598%20-5.618%2C%20119.873%20-5.614%2C%20120.324%20-5.51%2C%20120.328%20-5.511))
4289	POLYGON((-66.213%2044.088%2C%20-67.064%2044.762%2C%20-67.016%2044.879%2C%20-67.066%2044.86%2C%20-67.141%2044.869%2C%20-67.153%2044.841%2C%20-67.148%2044.896%2C%20-67.126%2044.95%2C%20-67.025%2044.913%2C%20-67.144%2045.125%2C%20-67.235%2045.173%2C%20-67.082%2045.075%2C%20-66.969%2045.15%2C%20-66.864%2045.057%2C%20-66.772%2045.114%2C%20-66.74%2045.071%2C%20-66.574%2045.115%2C%20-66.418%2045.1%2C%20-66.28%2045.189%2C%20-66.155%2045.199%2C%20-66.147%2045.261%2C%20-66.038%2045.556%2C%20-66.603%2045.925%2C%20-66.432%2045.879%2C%20-66.216%2045.9%2C%20-66.089%2045.916%2C%20-66.026%2046.035%2C%20-65.903%2046.155%2C%20-65.875%2046.089%2C%20-65.905%2046.011%2C%20-66.125%2045.854%2C%20-65.977%2045.791%2C%20-65.856%2045.86%2C%20-66.061%2045.701%2C%20-65.934%2045.587%2C%20-66.215%2045.352%2C%20-65.93%2045.489%2C%20-65.937%2045.475%2C%20-66.129%2045.304%2C%20-65.928%2045.2%2C%20-65.453%2045.387%2C%20-64.813%2045.627%2C%20-64.676%2045.747%2C%20-64.874%2046.053%2C%20-64.572%2045.875%2C%20-64.496%2045.725%2C%20-64.342%2045.896%2C%20-64.323%2045.756%2C%20-64.438%2045.724%2C%20-64.805%2045.474%2C%20-64.706%2045.327%2C%20-64.085%2045.403%2C%20-63.779%2045.401%2C%20-63.407%2045.352%2C%20-63.449%2045.24%2C%20-63.854%2045.283%2C%20-64.127%2045.078%2C%20-64.076%2045.009%2C%20-64.252%2045.121%2C%20-64.382%2045.196%2C%20-64.688%2045.184%2C%20-65.603%2044.784%2C%20-65.386%2044.807%2C%20-65.659%2044.601%2C%20-65.919%2044.61%2C%20-66.088%2044.49%2C%20-66.008%2044.411%2C%20-66.209%2044.105%2C%20-66.213%2044.088))
4265	POLYGON((51.287%2011.835%2C%2050.78%2011.977%2C%2050.292%2011.607%2C%2049.724%2011.468%2C%2048.936%2011.241%2C%2048.049%2011.125%2C%2047.144%2011.045%2C%2046.489%2010.697%2C%2045.754%2010.83%2C%2045.107%2010.513%2C%2044.508%2010.39%2C%2043.592%2011.093%2C%2043.399%2011.385%2C%2043.189%2011.523%2C%2043.028%2011.595%2C%2042.684%2011.506%2C%2042.516%2011.582%2C%2042.864%2011.777%2C%2043.179%2011.949%2C%2043.365%2012.344%2C%2043.871%2012.657%2C%2044.302%2012.639%2C%2044.875%2012.724%2C%2044.996%2012.852%2C%2045.037%2012.755%2C%2045.705%2013.355%2C%2046.598%2013.437%2C%2047.659%2013.88%2C%2048.323%2014.005%2C%2048.778%2014.132%2C%2049.014%2014.429%2C%2049.898%2014.837%2C%2050.704%2015.072%2C%2051.287%2012.637%2C%2051.287%2011.835))
4312	POLYGON((-136.647%2058.212%2C%20-163.208%2055.022%2C%20-161.615%2055.603%2C%20-159.681%2055.739%2C%20-158.587%2056.104%2C%20-157.676%2056.612%2C%20-156.018%2057.44%2C%20-154.112%2058.283%2C%20-154.048%2059.353%2C%20-152.392%2060.308%2C%20-150.286%2061.257%2C%20-149.495%2060.921%2C%20-151.709%2059.423%2C%20-150.588%2059.468%2C%20-149.802%2059.811%2C%20-148.596%2059.932%2C%20-148.117%2060.588%2C%20-148.32%2060.835%2C%20-147.591%2060.882%2C%20-146.439%2061.085%2C%20-146.071%2060.734%2C%20-145.475%2060.329%2C%20-144.259%2060.175%2C%20-141.311%2059.931%2C%20-139.401%2059.38%2C%20-137.852%2058.764%2C%20-136.647%2058.212))
4263	POLYGON((34.98%2029.542%2C%2034.977%2029.406%2C%2034.95%2029.311%2C%2034.912%2029.215%2C%2034.893%2029.159%2C%2034.854%2028.981%2C%2034.833%2028.826%2C%2034.791%2028.695%2C%2034.805%2028.526%2C%2034.734%2028.387%2C%2034.676%2028.249%2C%2034.649%2028.174%2C%2034.589%2028.126%2C%2034.605%2028.099%2C%2034.619%2028.028%2C%2034.529%2027.99%2C%2034.504%2027.959%2C%2034.348%2027.912%2C%2034.427%2027.974%2C%2034.438%2028.111%2C%2034.429%2028.205%2C%2034.41%2028.32%2C%2034.468%2028.441%2C%2034.512%2028.517%2C%2034.6%2028.685%2C%2034.627%2028.846%2C%2034.668%2028.974%2C%2034.669%2029.051%2C%2034.72%2029.18%2C%2034.764%2029.337%2C%2034.816%2029.406%2C%2034.927%2029.513%2C%2034.98%2029.542))
4350	POLYGON((121.867%20-4.868%2C%20120.337%20-5.288%2C%20120.31%20-4.908%2C%20120.386%20-4.541%2C%20120.371%20-4.211%2C%20120.402%20-3.786%2C%20120.401%20-3.329%2C%20120.22%20-3.005%2C%20120.439%20-2.829%2C%20120.718%20-2.638%2C%20120.983%20-2.64%2C%20121.065%20-2.59%2C%20121.004%20-2.81%2C%20121.055%20-3.117%2C%20120.878%20-3.512%2C%20121.19%20-3.83%2C%20121.4%20-3.998%2C%20121.584%20-4.227%2C%20121.487%20-4.532%2C%20121.634%20-4.806%2C%20121.867%20-4.868))
2402	POLYGON((22.9%2059.818%2C%2018.194%2060.437%2C%2017.315%2060.789%2C%2017.168%2061.478%2C%2017.464%2062.032%2C%2017.985%2062.692%2C%2018.533%2063.112%2C%2019.618%2063.459%2C%2020.744%2063.867%2C%2021.256%2064.678%2C%2021.634%2065.333%2C%2022.366%2065.844%2C%2022.73%2066.625%2C%2023.662%2065.8%2C%2024.77%2066.04%2C%2025.371%2065.184%2C%2023.71%2064.2%2C%2022.871%2063.803%2C%2021.991%2063.21%2C%2021.326%2062.881%2C%2021.41%2061.952%2C%2021.598%2061.219%2C%2021.386%2060.903%2C%2022.06%2060.457%2C%2022.861%2059.945%2C%2022.9%2059.818))
4314	POLYGON((-115.026%2031.948%2C%20-112.468%2029.586%2C%20-110.861%2027.98%2C%20-109.91%2027.025%2C%20-109.389%2026.087%2C%20-109.09%2025.527%2C%20-107.989%2024.806%2C%20-107.137%2024.082%2C%20-110.405%2024.171%2C%20-111.714%2026.551%2C%20-113.567%2029.095%2C%20-115.026%2031.948))
2407	POLYGON((35.83%2061.967%2C%2036.44%2061.008%2C%2032.962%2060.452%2C%2030.761%2059.763%2C%2026.782%2059.496%2C%2023.743%2059.256%2C%2023.85%2060.0%2C%2024.951%2060.176%2C%2025.876%2060.336%2C%2026.742%2060.469%2C%2027.832%2060.539%2C%2028.499%2060.482%2C%2029.896%2061.225%2C%2030.509%2061.52%2C%2031.728%2061.383%2C%2034.893%2061.184%2C%2034.627%2061.893%2C%2034.831%2062.249%2C%2034.445%2062.888%2C%2035.83%2061.967))
4286	POLYGON((9.01%20-0.932%2C%209.54%20-1.641%2C%206.62%200.0%2C%20-6.748%204.689%2C%20-4.273%205.26%2C%20-3.968%205.331%2C%20-3.162%205.19%2C%20-0.421%205.451%2C%200.886%205.991%2C%203.402%206.562%2C%204.935%205.938%2C%205.516%205.595%2C%206.247%204.584%2C%206.577%204.56%2C%206.93%204.812%2C%207.527%204.6%2C%208.07%205.147%2C%208.736%204.661%2C%209.692%204.065%2C%209.637%203.751%2C%209.831%202.329%2C%209.792%201.892%2C%209.653%201.574%2C%209.639%201.567%2C%209.406%201.282%2C%209.562%201.095%2C%209.753%201.234%2C%209.762%201.093%2C%209.845%201.053%2C%209.565%200.512%2C%209.541%200.165%2C%209.01%20-0.932))
4288	POLYGON((-80.795%2024.811%2C%20-83.356%2022.92%2C%20-84.841%2021.897%2C%20-89.729%2021.249%2C%20-91.259%2018.768%2C%20-92.595%2018.384%2C%20-94.473%2017.964%2C%20-95.605%2018.691%2C%20-95.895%2018.577%2C%20-97.498%2020.907%2C%20-97.768%2023.43%2C%20-97.728%2024.775%2C%20-97.556%2025.356%2C%20-97.295%2026.191%2C%20-97.625%2027.34%2C%20-97.235%2028.068%2C%20-96.275%2028.687%2C%20-94.95%2029.475%2C%20-94.679%2029.346%2C%20-91.227%2029.747%2C%20-90.943%2030.127%2C%20-88.907%2030.413%2C%20-88.438%2030.363%2C%20-87.9%2031.16%2C%20-87.262%2030.404%2C%20-86.484%2030.386%2C%20-85.587%2030.055%2C%20-84.785%2030.795%2C%20-84.365%2030.015%2C%20-83.023%2029.399%2C%20-82.691%2028.715%2C%20-82.695%2028.037%2C%20-82.431%2027.044%2C%20-81.875%2026.469%2C%20-81.284%2025.763%2C%20-81.15%2025.307%2C%20-80.795%2024.811))
4267	POLYGON((56.466%2025.942%2C%2057.711%2025.749%2C%2058.052%2025.588%2C%2059.017%2025.415%2C%2059.178%2025.501%2C%2059.476%2025.468%2C%2060.182%2025.334%2C%2060.434%2025.353%2C%2060.744%2025.266%2C%2061.479%2025.125%2C%2061.574%2025.228%2C%2061.759%2025.137%2C%2060.915%2023.971%2C%2059.733%2022.483%2C%2059.383%2022.682%2C%2058.936%2023.246%2C%2058.739%2023.52%2C%2058.603%2023.596%2C%2058.195%2023.679%2C%2056.999%2024.065%2C%2056.404%2024.899%2C%2056.364%2025.473%2C%2056.306%2025.746%2C%2056.397%2025.901%2C%2056.466%2025.942))
2409	POLYGON((21.725%2057.576%2C%2022.397%2058.214%2C%2022.64%2058.24%2C%2022.946%2058.337%2C%2023.079%2058.38%2C%2023.145%2058.463%2C%2023.311%2058.434%2C%2023.145%2058.551%2C%2023.303%2058.535%2C%2023.17%2058.677%2C%2022.746%2058.574%2C%2022.809%2058.765%2C%2023.02%2058.841%2C%2022.713%2059.007%2C%2023.431%2059.044%2C%2023.627%2058.988%2C%2023.447%2058.942%2C%2023.464%2058.77%2C%2023.523%2058.737%2C%2023.538%2058.56%2C%2023.659%2058.514%2C%2023.796%2058.344%2C%2024.122%2058.233%2C%2024.521%2058.387%2C%2024.481%2058.074%2C%2024.381%2057.487%2C%2024.116%2057.019%2C%2024.225%2056.846%2C%2023.906%2056.979%2C%2023.599%2056.878%2C%2023.596%2056.972%2C%2023.001%2057.396%2C%2021.725%2057.576))
4290	POLYGON((-64.672%2047.717%2C%20-65.9%2048.18%2C%20-67.118%2048.958%2C%20-72.667%2046.2%2C%20-74.372%2045.564%2C%20-69.845%2048.144%2C%20-68.675%2048.929%2C%20-65.906%2050.278%2C%20-63.688%2050.252%2C%20-61.697%2050.14%2C%20-61.175%2050.2%2C%20-60.135%2050.203%2C%20-59.556%2050.672%2C%20-58.622%2051.231%2C%20-56.956%2051.473%2C%20-55.9%2051.543%2C%20-57.767%2049.961%2C%20-57.088%2049.45%2C%20-59.308%2047.643%2C%20-57.847%2047.648%2C%20-56.624%2047.653%2C%20-55.797%2047.633%2C%20-55.232%2047.645%2C%20-57.047%2046.532%2C%20-60.271%2046.31%2C%20-61.03%2045.909%2C%20-60.582%2047.035%2C%20-61.245%2045.349%2C%20-62.508%2045.612%2C%20-63.762%2045.805%2C%20-64.61%2046.464%2C%20-65.213%2047.036%2C%20-64.823%2047.674%2C%20-64.672%2047.717))
4262	POLYGON((32.573%2030.068%2C%2032.681%2029.595%2C%2032.87%2029.288%2C%2033.166%2028.943%2C%2033.236%2028.575%2C%2033.6%2028.238%2C%2033.929%2027.917%2C%2033.918%2027.516%2C%2033.571%2027.67%2C%2033.585%2027.836%2C%2033.162%2028.248%2C%2032.883%2028.566%2C%2032.656%2029.078%2C%2032.567%2029.384%2C%2032.367%2029.688%2C%2032.573%2029.952%2C%2032.573%2030.068))
4334	POLYGON((105.001%208.76%2C%20104.719%208.605%2C%20102.219%206.101%2C%20102.172%205.555%2C%20102.188%205.507%2C%20102.144%206.032%2C%20102.14%206.216%2C%20101.824%206.38%2C%20101.488%206.871%2C%20101.294%206.879%2C%20100.725%207.031%2C%20100.58%207.23%2C%20100.388%207.211%2C%20100.197%207.505%2C%20100.294%207.592%2C%20100.406%207.392%2C%20100.37%207.779%2C%20100.172%208.373%2C%2099.95%208.665%2C%2099.844%209.272%2C%2099.689%209.328%2C%2099.388%209.169%2C%2099.268%209.198%2C%2099.307%209.396%2C%2099.181%2010.031%2C%2099.186%2010.271%2C%2099.267%2010.517%2C%2099.396%2010.745%2C%2099.493%2011.086%2C%2099.603%2011.416%2C%2099.83%2011.828%2C%2099.977%2012.279%2C%20100.062%2013.0%2C%2099.999%2013.359%2C%20100.049%2013.409%2C%20100.228%2013.58%2C%20100.253%2013.535%2C%20100.576%2013.576%2C%20100.565%2013.614%2C%20101.01%2013.488%2C%20101.154%2013.701%2C%20101.072%2013.583%2C%20100.933%2013.339%2C%20100.909%2012.978%2C%20100.845%2012.671%2C%20101.014%2012.661%2C%20101.391%2012.608%2C%20101.675%2012.747%2C%20101.884%2012.589%2C%20101.953%2012.54%2C%20102.031%2012.55%2C%20102.236%2012.32%2C%20102.238%2012.426%2C%20102.336%2012.358%2C%20102.286%2012.222%2C%20102.549%2012.066%2C%20102.523%2012.269%2C%20102.829%2011.839%2C%20102.957%2011.701%2C%20102.99%2011.709%2C%20102.977%2011.605%2C%20103.036%2011.546%2C%20103.13%2011.507%2C%20103.187%2011.41%2C%20103.123%2011.318%2C%20103.135%2011.138%2C%20103.22%2010.88%2C%20103.419%2010.978%2C%20103.492%2011.184%2C%20103.705%2011.065%2C%20103.691%2010.747%2C%20103.51%2010.61%2C%20103.769%2010.529%2C%20103.93%2010.595%2C%20104.226%2010.567%2C%20104.519%2010.417%2C%20104.61%2010.162%2C%20105.116%209.866%2C%20105.247%209.701%2C%20104.915%209.847%2C%20104.782%208.831%2C%20105.001%208.76))
4355	POLYGON((121.533%200.549%2C%20121.749%200.471%2C%20122.16%200.47%2C%20122.439%200.503%2C%20122.655%200.494%2C%20123.054%200.504%2C%20123.32%20-0.612%2C%20122.942%20-0.632%2C%20122.864%20-0.713%2C%20122.63%20-0.769%2C%20122.207%20-0.79%2C%20121.901%20-0.985%2C%20121.596%20-0.839%2C%20121.284%20-1.142%2C%20120.981%20-1.4%2C%20120.647%20-1.348%2C%20120.461%20-0.991%2C%20120.112%20-0.74%2C%20120.007%20-0.27%2C%20120.128%200.158%2C%20120.442%200.47%2C%20120.863%200.433%2C%20121.18%200.461%2C%20121.519%200.519%2C%20121.533%200.549))
4276	POLYGON((143.533%20-38.855%2C%20145.287%20-42.184%2C%20145.759%20-43.182%2C%20133.631%20-39.886%2C%20118.609%20-34.69%2C%20121.197%20-33.845%2C%20124.843%20-32.856%2C%20132.851%20-32.0%2C%20134.175%20-33.048%2C%20135.388%20-34.634%2C%20136.122%20-34.467%2C%20137.918%20-32.741%2C%20136.823%20-35.243%2C%20138.626%20-35.557%2C%20139.409%20-35.882%2C%20140.642%20-38.041%2C%20143.533%20-38.855))
2356	POLYGON((-20.862%2082.781%2C%2015.135%2079.628%2C%2011.217%2079.761%2C%2013.091%2078.55%2C%2016.363%2078.646%2C%2017.023%2077.922%2C%2016.227%2076.943%2C%20-13.633%2065.515%2C%20-15.104%2066.274%2C%20-18.564%2066.093%2C%20-21.087%2065.3%2C%20-27.015%2067.54%2C%20-24.731%2069.278%2C%20-26.568%2070.226%2C%20-26.676%2070.933%2C%20-24.281%2071.062%2C%20-21.637%2071.329%2C%20-25.414%2072.133%2C%20-27.401%2072.967%2C%20-20.428%2073.891%2C%20-20.972%2074.637%2C%20-19.776%2076.163%2C%20-18.959%2076.81%2C%20-21.289%2078.019%2C%20-19.772%2079.927%2C%20-13.161%2081.024%2C%20-19.834%2081.666%2C%20-24.891%2082.004%2C%20-19.787%2082.59%2C%20-20.862%2082.781))
4353	POLYGON((128.69%202.487%2C%20130.235%20-0.317%2C%20130.762%20-1.256%2C%20129.712%20-1.161%2C%20128.063%20-1.565%2C%20127.698%20-1.343%2C%20128.332%20-0.974%2C%20128.424%20-0.877%2C%20128.092%20-0.493%2C%20127.918%20-0.067%2C%20127.879%200.33%2C%20128.127%200.458%2C%20128.499%200.365%2C%20128.863%200.269%2C%20128.647%200.549%2C%20128.255%200.742%2C%20128.399%200.92%2C%20128.695%201.208%2C%20128.726%201.564%2C%20128.301%201.434%2C%20128.191%201.161%2C%20127.915%200.867%2C%20127.651%200.91%2C%20127.897%201.152%2C%20128.031%201.553%2C%20127.86%201.808%2C%20128.212%202.279%2C%20128.401%202.057%2C%20128.666%202.379%2C%20128.69%202.487))
4252	POLYGON((-94.512%2058.823%2C%20-94.801%2059.71%2C%20-94.345%2060.838%2C%20-93.412%2061.793%2C%20-93.226%2061.935%2C%20-92.657%2062.227%2C%20-92.615%2062.588%2C%20-91.499%2062.801%2C%20-90.73%2063.358%2C%20-92.375%2063.573%2C%20-94.163%2063.99%2C%20-91.64%2063.717%2C%20-90.249%2063.614%2C%20-89.842%2063.946%2C%20-89.656%2064.058%2C%20-88.687%2064.048%2C%20-87.865%2064.424%2C%20-87.005%2065.185%2C%20-89.83%2065.992%2C%20-87.149%2065.416%2C%20-86.124%2065.98%2C%20-85.736%2063.687%2C%20-81.7%2063.597%2C%20-77.681%2061.542%2C%20-77.701%2060.707%2C%20-77.23%2060.099%2C%20-76.115%2060.64%2C%20-77.248%2060.014%2C%20-77.734%2059.562%2C%20-77.919%2059.305%2C%20-78.389%2058.725%2C%20-77.856%2058.54%2C%20-76.655%2057.35%2C%20-76.034%2056.215%2C%20-77.178%2055.037%2C%20-79.026%2054.44%2C%20-79.015%2053.844%2C%20-78.935%2053.148%2C%20-78.499%2052.47%2C%20-78.534%2051.426%2C%20-81.988%2052.142%2C%20-82.191%2053.661%2C%20-82.532%2055.128%2C%20-85.013%2055.271%2C%20-86.352%2055.753%2C%20-89.103%2056.872%2C%20-92.72%2057.796%2C%20-94.512%2058.823))
4251	POLYGON((-76.06%2062.346%2C%20-77.642%2064.356%2C%20-75.998%2064.392%2C%20-75.041%2064.447%2C%20-74.451%2064.566%2C%20-74.648%2064.759%2C%20-73.947%2064.518%2C%20-73.477%2064.613%2C%20-73.304%2064.259%2C%20-72.216%2063.917%2C%20-71.585%2063.717%2C%20-71.766%2063.266%2C%20-70.147%2062.765%2C%20-69.379%2062.564%2C%20-68.061%2062.222%2C%20-66.275%2061.877%2C%20-64.838%2060.484%2C%20-65.053%2059.931%2C%20-65.34%2059.387%2C%20-65.661%2058.936%2C%20-65.549%2057.615%2C%20-67.086%2058.322%2C%20-68.125%2058.532%2C%20-69.041%2056.229%2C%20-71.769%2057.216%2C%20-68.529%2058.861%2C%20-69.684%2058.95%2C%20-69.579%2059.821%2C%20-69.646%2060.064%2C%20-69.644%2061.025%2C%20-71.795%2061.274%2C%20-72.672%2061.945%2C%20-76.046%2062.353%2C%20-76.06%2062.346))
1904	POLYGON((51.415%2010.445%2C%2095.214%205.304%2C%2095.602%204.623%2C%2096.324%203.938%2C%2097.162%203.272%2C%2097.695%202.364%2C%2097.825%202.759%2C%2097.84%202.275%2C%2098.534%201.915%2C%2098.765%201.493%2C%2099.056%200.64%2C%2099.496%200.127%2C%2099.978%20-0.451%2C%20100.376%20-1.149%2C%20100.812%20-1.846%2C%20101.305%20-2.721%2C%20101.973%20-3.498%2C%20102.392%20-4.052%2C%20103.252%20-4.662%2C%20103.93%20-5.15%2C%20104.492%20-5.802%2C%20105.95%20-6.813%2C%20106.384%20-7.237%2C%20107.504%20-7.537%2C%20108.424%20-7.821%2C%20108.96%20-7.696%2C%20109.19%20-7.54%2C%20109.928%20-7.86%2C%20110.679%20-8.184%2C%20111.388%20-8.274%2C%20111.774%20-8.281%2C%20112.522%20-8.401%2C%20113.283%20-8.294%2C%20113.85%20-8.552%2C%20114.458%20-8.757%2C%20116.307%20-8.907%2C%20116.854%20-9.05%2C%20117.799%20-8.905%2C%20118.421%20-8.685%2C%20119.49%20-9.752%2C%20120.084%20-10.167%2C%20126.238%20-14.186%2C%20125.409%20-14.545%2C%20125.108%20-15.264%2C%20124.544%20-16.211%2C%20123.568%20-16.187%2C%20123.487%20-17.398%2C%20121.001%20-19.607%2C%20116.354%20-20.842%2C%20113.647%20-24.88%2C%20113.325%20-26.227%2C%20115.106%20-33.604%2C%20146.887%20-55.054%2C%2020.843%20-34.397%2C%2028.645%20-32.439%2C%2032.63%20-27.708%2C%2048.028%20-22.124%2C%2049.679%20-15.785%2C%2049.196%20-12.291%2C%2039.568%20-9.092%2C%2039.398%20-6.855%2C%2040.166%20-2.96%2C%2044.237%201.301%2C%2051.415%2010.445))
4306	POLYGON((135.064%2034.262%2C%20134.986%2034.512%2C%20134.718%2034.328%2C%20134.587%2034.24%2C%20134.262%2034.329%2C%20134.08%2034.351%2C%20133.899%2034.352%2C%20133.788%2034.301%2C%20133.656%2034.236%2C%20133.638%2034.092%2C%20133.332%2033.982%2C%20133.129%2033.907%2C%20132.967%2034.115%2C%20132.772%2033.962%2C%20132.663%2033.709%2C%20132.29%2033.484%2C%20132.123%2033.421%2C%20131.705%2033.274%2C%20131.592%2033.25%2C%20131.604%2033.407%2C%20131.673%2033.657%2C%20131.484%2033.644%2C%20131.275%2033.583%2C%20131.051%2033.689%2C%20130.983%2033.867%2C%20130.935%2033.914%2C%20130.916%2033.982%2C%20131.005%2034.011%2C%20131.161%2033.962%2C%20131.29%2033.937%2C%20131.416%2034.02%2C%20131.494%2034.031%2C%20131.73%2034.062%2C%20131.794%2033.976%2C%20131.972%2033.926%2C%20132.138%2033.878%2C%20132.202%2034.123%2C%20132.319%2034.328%2C%20132.479%2034.363%2C%20132.553%2034.241%2C%20132.5%2034.098%2C%20132.552%2034.149%2C%20132.651%2034.204%2C%20132.797%2034.311%2C%20133.079%2034.387%2C%20133.253%2034.388%2C%20133.44%2034.436%2C%20133.519%2034.478%2C%20133.715%2034.588%2C%20133.841%2034.469%2C%20134.028%2034.554%2C%20133.946%2034.599%2C%20134.102%2034.778%2C%20134.093%2034.581%2C%20134.22%2034.709%2C%20134.403%2034.754%2C%20134.573%2034.759%2C%20134.768%2034.751%2C%20135.059%2034.627%2C%20135.211%2034.694%2C%20135.393%2034.701%2C%20135.617%2034.797%2C%20135.461%2034.64%2C%20135.596%2034.584%2C%20135.371%2034.522%2C%20135.23%2034.354%2C%20135.064%2034.262))
3351	POLYGON((17.092%2040.521%2C%2017.249%2040.456%2C%2017.724%2040.3%2C%2017.983%2040.058%2C%2018.31%2039.813%2C%2019.826%2039.575%2C%2020.047%2039.44%2C%2019.841%2039.692%2C%2020.189%2039.615%2C%2020.222%2039.494%2C%2020.411%2039.278%2C%2020.705%2038.987%2C%2020.923%2039.01%2C%2021.058%2039.037%2C%2021.091%2038.885%2C%2020.787%2038.925%2C%2020.837%2038.79%2C%2021.081%2038.533%2C%2021.105%2038.344%2C%2021.27%2038.359%2C%2021.412%2038.363%2C%2021.578%2038.328%2C%2022.065%2038.381%2C%2022.39%2038.376%2C%2022.6%2038.32%2C%2022.767%2038.251%2C%2023.046%2038.199%2C%2023.153%2038.071%2C%2022.937%2037.941%2C%2022.397%2038.136%2C%2021.898%2038.326%2C%2021.455%2038.196%2C%2021.188%2037.93%2C%2021.322%2037.645%2C%2021.649%2037.249%2C%2021.682%2036.873%2C%2021.925%2036.851%2C%2022.202%2036.904%2C%2022.372%2036.599%2C%2015.123%2036.702%2C%2015.334%2037.012%2C%2015.19%2037.192%2C%2015.104%2037.311%2C%2015.234%2037.783%2C%2015.542%2038.158%2C%2015.643%2037.997%2C%2016.151%2038.076%2C%2016.577%2038.506%2C%2016.912%2038.932%2C%2017.108%2039.112%2C%2016.922%2039.514%2C%2016.513%2039.838%2C%2016.742%2040.227%2C%2017.092%2040.521))
2357	POLYGON((-5.312%2051.904%2C%20-6.548%2052.394%2C%20-6.214%2052.533%2C%20-6.031%2052.922%2C%20-6.151%2053.342%2C%20-6.146%2053.456%2C%20-6.263%2053.728%2C%20-6.382%2054.008%2C%20-6.313%2054.133%2C%20-5.874%2054.157%2C%20-5.602%2054.255%2C%20-5.635%2054.433%2C%20-5.713%2054.541%2C%20-5.558%2054.384%2C%20-4.768%2054.828%2C%20-4.354%2054.813%2C%20-4.208%2054.82%2C%20-3.869%2054.805%2C%20-3.576%2054.979%2C%20-3.041%2054.945%2C%20-3.436%2054.792%2C%20-3.489%2054.397%2C%20-3.25%2054.22%2C%20-3.11%2054.117%2C%20-2.799%2054.243%2C%20-2.832%2054.033%2C%20-3.054%2053.769%2C%20-3.093%2053.539%2C%20-2.705%2053.352%2C%20-3.194%2053.379%2C%20-3.236%2053.308%2C%20-3.879%2053.333%2C%20-4.312%2053.127%2C%20-4.661%2052.894%2C%20-4.503%2052.827%2C%20-4.135%2052.896%2C%20-4.018%2052.719%2C%20-4.055%2052.507%2C%20-4.444%2052.173%2C%20-4.905%2052.035%2C%20-5.255%2051.918%2C%20-5.312%2051.904))
4307	POLYGON((141.787%2051.689%2C%20141.868%2046.705%2C%20141.654%2043.285%2C%20140.105%2042.016%2C%20140.89%2041.011%2C%20139.855%2039.879%2C%20139.177%2037.866%2C%20137.052%2037.09%2C%20136.136%2036.218%2C%20135.33%2035.466%2C%20133.298%2035.476%2C%20132.311%2035.057%2C%20130.866%2034.102%2C%20129.806%2033.485%2C%20129.834%2033.047%2C%20128.771%2032.622%2C%20126.677%2033.552%2C%20126.513%2034.318%2C%20127.418%2034.559%2C%20127.692%2034.919%2C%20128.381%2034.825%2C%20128.791%2035.102%2C%20129.449%2035.648%2C%20129.195%2037.434%2C%20127.382%2039.205%2C%20127.883%2039.892%2C%20129.722%2041.163%2C%20130.866%2042.536%2C%20131.694%2043.183%2C%20132.36%2042.867%2C%20133.755%2042.848%2C%20136.325%2044.733%2C%20140.246%2048.851%2C%20140.634%2050.949%2C%20141.787%2051.689))
4338	POLYGON((115.293%20-7.013%2C%20111.295%20-6.69%2C%20108.21%20-6.263%2C%20105.416%20-6.765%2C%20105.705%20-4.118%2C%20108.242%20-2.966%2C%20112.434%20-3.227%2C%20113.361%20-2.611%2C%20113.326%20-2.701%2C%20114.608%20-3.632%2C%20115.293%20-7.013))
4246	POLYGON((103.372%2077.619%2C%20102.613%2076.411%2C%20100.214%2075.16%2C%20106.522%2074.847%2C%20106.91%2075.075%2C%20103.924%2074.173%2C%20101.252%2074.02%2C%20100.26%2074.896%2C%2099.295%2076.182%2C%2095.365%2076.135%2C%2092.448%2075.747%2C%2088.223%2075.063%2C%2086.4%2074.613%2C%2087.558%2074.047%2C%2091.278%2073.644%2C%2089.977%2071.908%2C%2085.495%2072.122%2C%2082.831%2073.643%2C%2081.534%2072.335%2C%2083.853%2069.825%2C%2086.196%2066.528%2C%2083.367%2067.915%2C%2081.412%2070.197%2C%2081.006%2071.933%2C%2076.123%2071.79%2C%2078.078%2070.946%2C%2075.756%2071.236%2C%2074.324%2071.92%2C%2076.428%2069.125%2C%2078.234%2067.716%2C%2081.395%2067.019%2C%2081.028%2066.984%2C%2080.354%2066.983%2C%2078.056%2066.917%2C%2078.043%2064.642%2C%2078.012%2067.138%2C%2077.237%2068.451%2C%2073.95%2067.206%2C%2072.268%2066.292%2C%2070.292%2066.348%2C%2068.825%2066.9%2C%2072.125%2067.299%2C%2072.579%2069.395%2C%2071.842%2071.297%2C%2071.804%2072.727%2C%2067.733%2071.375%2C%2067.288%2070.576%2C%2066.89%2069.571%2C%2070.347%2068.929%2C%2068.262%2068.208%2C%2064.745%2068.873%2C%2061.13%2069.825%2C%2060.088%2069.703%2C%2055.968%2071.397%2C%2055.894%2072.924%2C%2056.702%2073.699%2C%2058.152%2074.114%2C%2059.421%2074.801%2C%2064.968%2075.796%2C%2093.759%2081.018%2C%2093.0%2079.57%2C%2099.922%2079.735%2C%20105.061%2077.576%2C%20103.372%2077.619))
2374	POLYGON((10.63%2057.735%2C%2011.675%2057.981%2C%2011.807%2058.062%2C%2011.766%2057.904%2C%2011.737%2057.807%2C%2012.016%2057.861%2C%2011.725%2057.698%2C%2011.952%2057.716%2C%2011.929%2057.62%2C%2011.925%2057.525%2C%2011.906%2057.447%2C%2011.964%2057.351%2C%2012.114%2057.399%2C%2012.118%2057.253%2C%2012.235%2057.13%2C%2012.299%2057.032%2C%2012.542%2056.865%2C%2012.845%2056.661%2C%2012.63%2056.434%2C%2012.663%2056.251%2C%2012.689%2056.027%2C%2012.96%2055.745%2C%2012.989%2055.619%2C%2012.858%2055.439%2C%2012.286%2055.569%2C%2012.599%2055.705%2C%2012.619%2056.034%2C%2011.918%2055.948%2C%2012.105%2055.7%2C%2011.933%2055.647%2C%2012.026%2055.904%2C%2011.835%2055.689%2C%2011.735%2055.796%2C%2011.661%2055.941%2C%2011.419%2055.838%2C%2010.898%2055.744%2C%2011.153%2055.546%2C%2011.125%2055.333%2C%2011.337%2055.2%2C%2011.735%2055.197%2C%2011.842%2055.02%2C%2012.157%2054.847%2C%2011.71%2054.929%2C%2011.859%2054.685%2C%2011.609%2054.849%2C%2011.284%2054.949%2C%2011.069%2054.822%2C%2010.9%2055.123%2C%2010.613%2054.835%2C%2010.38%2054.884%2C%209.65%2054.822%2C%209.596%2054.918%2C%209.739%2054.987%2C%209.47%2055.121%2C%209.641%2055.293%2C%209.558%2055.515%2C%209.65%2055.69%2C%2010.054%2055.822%2C%2010.203%2055.863%2C%2010.217%2056.156%2C%2010.463%2056.24%2C%2010.533%2056.168%2C%2010.92%2056.406%2C%2010.253%2056.56%2C%2010.173%2056.698%2C%2010.043%2056.698%2C%2010.08%2057.039%2C%209.537%2056.953%2C%209.687%2057.095%2C%2010.304%2056.991%2C%2010.534%2057.431%2C%2010.63%2057.735))
4291	POLYGON((-44.067%2060.331%2C%20-52.707%2047.709%2C%20-53.511%2047.614%2C%20-53.587%2048.2%2C%20-53.685%2048.503%2C%20-53.933%2048.628%2C%20-53.607%2049.104%2C%20-54.568%2049.423%2C%20-55.176%2049.439%2C%20-55.696%2049.46%2C%20-55.62%2049.88%2C%20-56.811%2049.861%2C%20-55.877%2050.937%2C%20-55.473%2051.544%2C%20-56.402%2052.575%2C%20-55.931%2052.992%2C%20-56.041%2053.574%2C%20-57.365%2053.656%2C%20-59.016%2053.751%2C%20-59.987%2053.789%2C%20-57.634%2054.469%2C%20-58.975%2054.887%2C%20-59.564%2055.077%2C%20-60.075%2055.234%2C%20-60.37%2055.382%2C%20-60.589%2055.647%2C%20-62.099%2055.871%2C%20-61.833%2056.371%2C%20-61.561%2056.958%2C%20-62.398%2057.875%2C%20-62.925%2058.477%2C%20-63.959%2059.072%2C%20-56.881%2060.0%2C%20-44.067%2060.331))
4269	POLYGON((79.191%209.282%2C%2079.928%208.859%2C%2079.863%208.475%2C%2079.834%208.136%2C%2079.74%208.009%2C%2079.704%208.17%2C%2079.788%207.556%2C%2079.845%207.122%2C%2079.848%206.909%2C%2079.895%206.761%2C%2079.994%206.435%2C%2080.035%206.267%2C%2080.328%205.985%2C%2073.222%20-0.583%2C%2074.467%2014.194%2C%2075.271%2012.024%2C%2075.938%2010.741%2C%2076.317%209.844%2C%2078.128%208.598%2C%2079.191%209.282))
4245	POLYGON((134.818%2069.516%2C%20135.224%2071.277%2C%20133.501%2070.818%2C%20133.172%2070.511%2C%20130.357%2070.912%2C%20128.515%2071.966%2C%20125.243%2069.875%2C%20123.995%2068.367%2C%20124.316%2066.204%2C%20124.264%2065.87%2C%20127.242%2064.039%2C%20122.389%2063.892%2C%20124.566%2064.979%2C%20122.663%2067.988%2C%20124.103%2069.692%2C%20124.207%2072.714%2C%20121.976%2070.499%2C%20118.583%2073.171%2C%20114.192%2073.346%2C%20113.28%2072.871%2C%20111.006%2073.692%2C%20109.203%2072.554%2C%20104.368%2072.327%2C%20103.695%2069.291%2C%2099.828%2071.216%2C%2094.264%2070.868%2C%2094.986%2069.952%2C%2094.545%2070.975%2C%20101.941%2071.965%2C%20106.851%2073.381%2C%20105.468%2073.624%2C%20109.586%2074.301%2C%20109.344%2074.812%2C%20113.054%2075.351%2C%20112.889%2076.091%2C%20110.983%2076.714%2C%20106.939%2076.505%2C%20106.73%2076.999%2C%20104.537%2076.794%2C%20105.277%2078.441%2C%2097.377%2080.643%2C%20138.394%2076.131%2C%20140.648%2072.505%2C%20139.914%2071.54%2C%20137.867%2071.205%2C%20136.65%2071.454%2C%20136.466%2070.805%2C%20134.654%2068.585%2C%20134.543%2068.665%2C%20134.211%2068.654%2C%20134.818%2069.516))
3363	POLYGON((9.834%2044.049%2C%209.458%2042.966%2C%209.441%2043.001%2C%209.391%2043.007%2C%209.352%2043.003%2C%209.347%2042.955%2C%209.356%2042.922%2C%209.327%2042.89%2C%207.547%2043.782%2C%207.591%2043.791%2C%207.648%2043.781%2C%207.698%2043.797%2C%207.751%2043.804%2C%207.789%2043.817%2C%207.842%2043.825%2C%207.914%2043.836%2C%207.968%2043.856%2C%208.024%2043.875%2C%208.045%2043.884%2C%208.085%2043.908%2C%208.132%2043.93%2C%208.17%2043.962%2C%208.179%2044.01%2C%208.209%2044.035%2C%208.235%2044.096%2C%208.272%2044.134%2C%208.298%2044.154%2C%208.368%2044.173%2C%208.422%2044.199%2C%208.443%2044.237%2C%208.443%2044.266%2C%208.467%2044.297%2C%208.493%2044.313%2C%208.547%2044.342%2C%208.6%2044.363%2C%208.643%2044.387%2C%208.704%2044.412%2C%208.763%2044.425%2C%208.885%2044.404%2C%208.919%2044.408%2C%208.964%2044.391%2C%209.046%2044.38%2C%209.113%2044.367%2C%209.153%2044.331%2C%209.177%2044.31%2C%209.214%2044.307%2C%209.225%2044.341%2C%209.279%2044.329%2C%209.336%2044.307%2C%209.381%2044.286%2C%209.401%2044.258%2C%209.447%2044.238%2C%209.503%2044.221%2C%209.553%2044.203%2C%209.591%2044.173%2C%209.634%2044.134%2C%209.681%2044.136%2C%209.727%2044.11%2C%209.778%2044.075%2C%209.824%2044.056%2C%209.834%2044.049))
4254	POLYGON((-55.225%2082.337%2C%20-59.694%2082.418%2C%20-62.262%2082.491%2C%20-63.172%2082.462%2C%20-63.673%2082.73%2C%20-64.86%2082.867%2C%20-65.567%2082.843%2C%20-68.231%2082.644%2C%20-66.574%2082.856%2C%20-68.046%2082.947%2C%20-69.668%2082.987%2C%20-68.533%2083.134%2C%20-64.04%2083.196%2C%20-59.547%2083.258%2C%20-55.054%2083.321%2C%20-50.561%2083.383%2C%20-46.068%2083.445%2C%20-41.575%2083.508%2C%20-37.706%2083.536%2C%20-38.206%2083.503%2C%20-39.375%2083.455%2C%20-39.117%2083.19%2C%20-39.219%2083.071%2C%20-38.985%2082.996%2C%20-39.142%2082.768%2C%20-41.86%2083.029%2C%20-43.337%2083.233%2C%20-44.417%2083.165%2C%20-44.92%2083.102%2C%20-46.05%2083.013%2C%20-45.629%2082.9%2C%20-43.157%2082.799%2C%20-40.479%2082.588%2C%20-41.092%2082.5%2C%20-42.486%2082.497%2C%20-45.223%2082.701%2C%20-45.0%2082.376%2C%20-43.193%2082.099%2C%20-45.554%2082.059%2C%20-45.384%2081.705%2C%20-46.037%2081.689%2C%20-47.275%2081.979%2C%20-50.054%2082.411%2C%20-51.618%2082.283%2C%20-51.773%2081.787%2C%20-52.328%2081.832%2C%20-54.05%2081.736%2C%20-55.054%2082.307%2C%20-55.225%2082.337))
4339	POLYGON((120.818%201.283%2C%20120.701%200.979%2C%20120.524%200.793%2C%20120.249%200.949%2C%20120.045%200.539%2C%20119.824%200.234%2C%20119.739%20-0.055%2C%20119.802%20-0.166%2C%20119.823%20-0.689%2C%20119.709%20-0.685%2C%20119.457%20-1.079%2C%20119.333%20-1.433%2C%20119.349%20-1.816%2C%20119.155%20-2.188%2C%20119.14%20-2.405%2C%20118.826%20-2.625%2C%20118.853%20-3.011%2C%20118.878%20-3.457%2C%20119.077%20-3.504%2C%20119.289%20-3.448%2C%20119.485%20-3.688%2C%20119.452%20-3.688%2C%20119.598%20-3.974%2C%20119.598%20-4.251%2C%20119.563%20-4.622%2C%20119.476%20-5.011%2C%20119.382%20-5.203%2C%20119.43%20-5.543%2C%20119.298%20-5.503%2C%20116.305%20-3.889%2C%20116.31%20-3.507%2C%20116.105%20-3.341%2C%20116.011%20-3.464%2C%20116.09%20-3.156%2C%20116.169%20-3.049%2C%20116.085%20-2.957%2C%20116.16%20-2.903%2C%20116.367%20-2.671%2C%20116.278%20-2.633%2C%20116.476%20-2.514%2C%20116.502%20-2.252%2C%20116.357%20-2.288%2C%20116.18%20-2.207%2C%20116.218%20-2.07%2C%20116.436%20-1.87%2C%20116.351%20-1.861%2C%20116.201%20-1.792%2C%20116.165%20-1.74%2C%20116.313%20-1.707%2C%20116.531%20-1.623%2C%20116.763%20-1.321%2C%20116.702%20-1.118%2C%20116.763%20-0.999%2C%20116.834%20-1.278%2C%20117.212%20-0.924%2C%20117.277%20-0.72%2C%20117.048%20-0.592%2C%20117.072%20-0.589%2C%20117.427%20-0.508%2C%20117.461%20-0.135%2C%20117.481%200.089%2C%20117.52%200.272%2C%20117.68%200.62%2C%20118.03%200.801%2C%20117.867%201.075%2C%20117.942%201.1%2C%20118.175%200.876%2C%20118.483%200.879%2C%20118.856%200.874%2C%20120.818%201.283))
4275	POLYGON((98.664%208.441%2C%2099.281%207.62%2C%2099.711%206.859%2C%20100.527%204.938%2C%20100.769%203.847%2C%20102.615%202.115%2C%20102.65%201.029%2C%20102.207%201.052%2C%20101.959%201.499%2C%20101.428%201.69%2C%20101.185%202.124%2C%20100.815%202.099%2C%20101.039%201.786%2C%20101.077%201.587%2C%20100.963%201.401%2C%20101.075%201.589%2C%20101.019%201.778%2C%20100.726%202.094%2C%20100.358%202.412%2C%20100.172%202.496%2C%20100.075%202.384%2C%20100.028%202.679%2C%2099.998%202.587%2C%2099.899%203.017%2C%2099.692%203.204%2C%2099.275%203.47%2C%2098.838%203.704%2C%2098.669%203.777%2C%2098.601%203.907%2C%2098.5%203.922%2C%2098.52%204.017%2C%2098.39%204.007%2C%2098.265%204.016%2C%2098.163%204.077%2C%2098.214%204.182%2C%2098.282%204.365%2C%2098.177%204.493%2C%2098.067%204.496%2C%2098.016%204.512%2C%2097.977%204.572%2C%2097.96%204.688%2C%2097.815%204.928%2C%2097.565%205.183%2C%2097.229%205.15%2C%2096.858%205.253%2C%2096.519%205.199%2C%2096.09%205.271%2C%2095.868%205.512%2C%2097.055%206.839%2C%2098.664%208.441))
3369	POLYGON((29.153%2041.219%2C%2029.033%2040.971%2C%2029.268%2040.812%2C%2029.687%2040.778%2C%2029.713%2040.712%2C%2029.145%2040.656%2C%2029.021%2040.476%2C%2028.691%2040.375%2C%2028.026%2040.372%2C%2027.987%2040.489%2C%2027.737%2040.525%2C%2027.854%2040.359%2C%2027.32%2040.43%2C%2026.96%2040.384%2C%2026.456%2040.2%2C%2026.219%2040.047%2C%2026.575%2040.32%2C%2027.117%2040.609%2C%2027.683%2041.004%2C%2028.34%2041.058%2C%2028.836%2040.958%2C%2029.038%2041.156%2C%2029.153%2041.219))
3346	POLYGON((-5.345%2036.109%2C%20-5.403%2035.922%2C%20-5.451%2035.912%2C%20-5.495%2035.888%2C%20-5.534%2035.859%2C%20-5.573%2035.839%2C%20-5.624%2035.835%2C%20-5.676%2035.834%2C%20-5.721%2035.828%2C%20-5.754%2035.797%2C%20-5.801%2035.78%2C%20-5.82%2035.792%2C%20-5.889%2035.801%2C%20-5.99%2036.179%2C%20-5.927%2036.182%2C%20-5.878%2036.161%2C%20-5.834%2036.118%2C%20-5.8%2036.08%2C%20-5.747%2036.071%2C%20-5.693%2036.068%2C%20-5.609%2036.0%2C%20-5.561%2036.02%2C%20-5.503%2036.043%2C%20-5.448%2036.057%2C%20-5.44%2036.086%2C%20-5.424%2036.127%2C%20-5.422%2036.176%2C%20-5.358%2036.161%2C%20-5.345%2036.109))
4354	POLYGON((126.855%204.486%2C%20128.27%202.355%2C%20127.74%201.97%2C%20127.553%201.648%2C%20127.421%201.258%2C%20127.497%200.933%2C%20127.597%200.755%2C%20127.663%200.343%2C%20127.697%20-0.104%2C%20127.942%20-0.517%2C%20128.244%20-0.787%2C%20127.49%20-1.212%2C%20127.42%20-1.428%2C%20126.35%20-1.817%2C%20125.77%20-1.807%2C%20125.441%20-1.799%2C%20125.197%20-1.792%2C%20125.023%20-1.724%2C%20124.58%20-1.646%2C%20123.556%20-1.532%2C%20123.412%20-1.257%2C%20123.44%20-0.839%2C%20123.531%200.318%2C%20123.98%200.37%2C%20124.357%200.442%2C%20124.567%200.61%2C%20124.741%200.889%2C%20125.048%201.227%2C%20125.184%201.558%2C%20126.677%203.952%2C%20126.866%204.347%2C%20126.855%204.486))
4261	POLYGON((43.382%20-11.37%2C%2048.931%20-12.903%2C%2048.335%20-13.588%2C%2048.012%20-14.211%2C%2047.757%20-14.615%2C%2047.099%20-15.464%2C%2046.519%20-16.407%2C%2045.379%20-16.107%2C%2044.027%20-17.316%2C%2044.259%20-19.06%2C%2044.327%20-20.212%2C%2043.655%20-21.317%2C%2045.133%20-21.78%2C%2043.848%20-21.796%2C%2043.851%20-23.246%2C%2043.648%20-23.711%2C%2032.678%20-26.226%2C%2035.52%20-23.794%2C%2035.077%20-21.286%2C%2034.995%20-20.763%2C%2034.709%20-20.186%2C%2035.991%20-18.927%2C%2036.797%20-18.231%2C%2037.36%20-17.632%2C%2038.492%20-17.119%2C%2039.613%20-16.593%2C%2040.631%20-15.356%2C%2040.617%20-14.231%2C%2040.572%20-12.702%2C%2040.608%20-10.848%2C%2043.382%20-11.37))
1912	POLYGON((-6.264%2062.346%2C%20-7.657%2056.824%2C%20-9.889%2054.023%2C%20-9.907%2052.556%2C%20-9.737%2051.56%2C%20-8.665%2042.003%2C%20-7.346%2033.718%2C%20-13.335%2027.274%2C%20-16.263%2014.179%2C%20-15.552%2012.03%2C%20-15.006%2011.578%2C%20-14.868%2011.1%2C%20-13.474%209.573%2C%20-61.104%208.918%2C%20-81.356%2031.818%2C%20-77.189%2038.568%2C%20-68.163%2044.479%2C%20-40.602%2064.672%2C%20-6.264%2062.346))
1908	POLYGON((163.019%2056.537%2C%20180.0%2010.69%2C%20130.128%200.01%2C%20138.05%209.425%2C%20138.131%209.523%2C%20138.177%209.563%2C%20139.048%2010.079%2C%20139.644%2035.138%2C%20139.965%2035.45%2C%20140.694%2035.929%2C%20141.046%2038.339%2C%20141.295%2038.604%2C%20141.915%2039.24%2C%20141.56%2040.538%2C%20141.298%2042.512%2C%20144.727%2042.972%2C%20154.572%2049.086%2C%20158.493%2052.794%2C%20159.792%2053.455%2C%20161.977%2055.004%2C%20163.019%2056.537))
2350	POLYGON((5.203%2060.832%2C%208.732%2054.713%2C%202.265%2051.036%2C%200.983%2051.842%2C%200.124%2052.897%2C%20-0.968%2054.587%2C%20-3.243%2056.056%2C%20-3.568%2057.662%2C%20-3.218%2058.781%2C%20-1.081%2060.306%2C%205.203%2060.832))
2353	POLYGON((16.721%2076.565%2C%2024.557%2070.92%2C%2022.634%2070.09%2C%2021.186%2069.936%2C%2019.524%2069.399%2C%2017.994%2069.297%2C%2016.299%2068.35%2C%2015.939%2068.203%2C%2015.848%2067.917%2C%2015.321%2067.618%2C%2015.031%2067.296%2C%2013.996%2066.982%2C%2013.027%2066.507%2C%2013.135%2065.94%2C%2012.24%2065.466%2C%2012.129%2065.19%2C%2012.0%2064.948%2C%2011.675%2064.467%2C%2010.526%2064.375%2C%209.8%2063.864%2C%2011.171%2063.91%2C%209.512%2063.58%2C%208.556%2063.142%2C%208.128%2062.837%2C%207.545%2062.591%2C%207.332%2062.287%2C%205.199%2062.212%2C%205.2%2061.759%2C%205.059%2061.346%2C%206.841%2061.186%2C%205.182%2061.087%2C%206.058%2074.235%2C%2016.721%2076.565))
5698	POLYGON((-71.863%2067.502%2C%20-75.649%2064.929%2C%20-81.764%2068.527%2C%20-92.441%2069.822%2C%20-96.001%2068.13%2C%20-106.09%2068.381%2C%20-123.848%2073.742%2C%20-94.567%2081.042%2C%20-84.654%2077.909%2C%20-77.576%2072.21%2C%20-82.037%2070.051%2C%20-71.595%2067.556%2C%20-71.863%2067.502))
4309	POLYGON((157.148%2057.768%2C%20155.883%2056.444%2C%20156.666%2051.236%2C%20151.741%2046.787%2C%20145.943%2043.434%2C%20143.857%2044.163%2C%20143.346%2046.497%2C%20143.135%2049.252%2C%20143.487%2051.246%2C%20143.246%2052.595%2C%20142.893%2053.869%2C%20141.63%2052.324%2C%20139.727%2052.961%2C%20140.073%2051.6%2C%20139.977%2053.294%2C%20139.93%2054.139%2C%20137.329%2054.119%2C%20136.051%2054.589%2C%20138.573%2056.81%2C%20144.301%2059.39%2C%20146.691%2059.425%2C%20150.314%2059.656%2C%20152.945%2058.988%2C%20154.269%2059.438%2C%20157.381%2061.737%2C%20160.035%2061.38%2C%20160.764%2060.73%2C%20163.182%2062.049%2C%20167.141%2062.849%2C%20163.935%2061.22%2C%20160.521%2059.551%2C%20157.148%2057.768))
4266	POLYGON((56.087%2027.108%2C%2057.297%2025.84%2C%2056.379%2026.367%2C%2055.383%2025.375%2C%2054.649%2024.732%2C%2054.031%2024.2%2C%2051.592%2024.367%2C%2051.507%2025.606%2C%2050.823%2025.485%2C%2050.168%2026.133%2C%2049.487%2027.29%2C%2048.769%2028.004%2C%2047.861%2030.22%2C%2048.833%2030.332%2C%2050.39%2029.672%2C%2052.075%2027.81%2C%2055.894%2027.021%2C%2056.087%2027.108))
4300	POLYGON((141.347%2024.778%2C%20138.089%209.55%2C%20128.681%202.505%2C%20126.728%204.105%2C%20125.671%203.482%2C%20125.438%205.612%2C%20125.595%206.498%2C%20125.485%206.967%2C%20125.951%207.07%2C%20126.205%206.317%2C%20126.29%206.831%2C%20126.55%207.432%2C%20126.416%208.021%2C%20126.369%208.471%2C%20126.318%208.817%2C%20126.193%209.26%2C%20125.872%209.517%2C%20125.404%209.604%2C%20125.591%208.791%2C%20125.037%208.889%2C%20124.587%208.518%2C%20123.864%208.104%2C%20123.859%208.239%2C%20123.489%208.661%2C%20123.129%209.572%2C%20123.327%2010.266%2C%20123.462%2010.928%2C%20123.128%2011.481%2C%20122.912%2011.512%2C%20122.574%2011.551%2C%20122.388%2011.726%2C%20121.295%2012.286%2C%20121.499%2012.694%2C%20121.283%2013.357%2C%20121.048%2013.414%2C%20120.169%2013.742%2C%20120.628%2013.823%2C%20121.062%2013.743%2C%20121.616%2013.89%2C%20122.215%2013.607%2C%20122.658%2013.429%2C%20122.531%2013.956%2C%20122.939%2013.553%2C%20123.509%2012.962%2C%20123.815%2012.878%2C%20123.872%2012.671%2C%20124.188%2013.009%2C%20123.865%2013.241%2C%20123.75%2013.708%2C%20123.625%2013.89%2C%20123.34%2014.105%2C%20123.286%2013.771%2C%20122.97%2014.148%2C%20122.636%2014.298%2C%20122.359%2014.123%2C%20122.302%2013.965%2C%20121.718%2014.339%2C%20121.573%2014.932%2C%20121.55%2015.578%2C%20121.954%2016.134%2C%20122.206%2016.297%2C%20122.509%2017.054%2C%20122.209%2017.469%2C%20122.316%2018.244%2C%20123.852%2024.07%2C%20131.849%2032.704%2C%20132.699%2032.796%2C%20135.133%2034.129%2C%20136.838%2034.304%2C%20137.895%2034.693%2C%20141.347%2024.778))
4264	POLYGON((34.712%2028.138%2C%2036.675%2025.84%2C%2038.07%2024.058%2C%2039.021%2022.101%2C%2039.55%2020.626%2C%2041.42%2018.499%2C%2042.758%2016.428%2C%2043.002%2014.467%2C%2042.372%2013.299%2C%2040.464%2014.97%2C%2039.311%2015.893%2C%2037.747%2018.691%2C%2037.146%2020.949%2C%2036.223%2022.633%2C%2035.04%2024.785%2C%2034.65%2028.094%2C%2034.712%2028.138))
4325	POLYGON((-54.943%20-34.948%2C%20-56.869%20-36.329%2C%20-57.128%20-36.271%2C%20-57.375%20-35.969%2C%20-57.25%20-35.595%2C%20-57.565%20-35.005%2C%20-58.248%20-34.695%2C%20-58.505%20-34.451%2C%20-58.984%20-34.133%2C%20-59.444%20-33.731%2C%20-59.57%20-33.66%2C%20-59.001%20-33.838%2C%20-58.476%20-33.806%2C%20-58.481%20-33.37%2C%20-58.456%20-33.067%2C%20-58.149%20-33.039%2C%20-58.154%20-32.197%2C%20-57.998%20-31.648%2C%20-58.06%20-32.113%2C%20-58.147%20-32.621%2C%20-58.09%20-33.021%2C%20-58.359%20-33.182%2C%20-58.411%20-33.474%2C%20-58.324%20-33.978%2C%20-57.957%20-34.303%2C%20-57.533%20-34.453%2C%20-56.554%20-34.76%2C%20-56.363%20-34.866%2C%20-56.208%20-34.9%2C%20-55.838%20-34.787%2C%20-55.28%20-34.884%2C%20-54.943%20-34.948))
4343	POLYGON((124.556%20-8.224%2C%20124.521%20-8.422%2C%20124.92%20-8.967%2C%20124.376%20-9.195%2C%20123.675%20-9.662%2C%20123.686%20-10.018%2C%20123.484%20-10.3%2C%20123.233%20-10.605%2C%20122.833%20-10.777%2C%20120.727%20-10.196%2C%20120.635%20-9.828%2C%20120.251%20-9.638%2C%20119.934%20-9.277%2C%20119.35%20-9.378%2C%20118.549%20-8.856%2C%20118.949%20-8.789%2C%20118.875%20-8.697%2C%20119.167%20-8.646%2C%20119.033%20-8.628%2C%20118.991%20-8.338%2C%20119.398%20-8.564%2C%20119.45%20-8.7%2C%20119.577%20-8.535%2C%20119.883%20-8.825%2C%20120.278%20-8.854%2C%20120.788%20-8.848%2C%20121.251%20-8.891%2C%20121.654%20-8.897%2C%20122.105%20-8.736%2C%20122.615%20-8.653%2C%20122.865%20-8.453%2C%20123.154%20-8.39%2C%20123.316%20-8.424%2C%20123.503%20-8.539%2C%20123.81%20-8.273%2C%20124.053%20-8.453%2C%20124.318%20-8.24%2C%20124.556%20-8.224))
4336	POLYGON((103.936%201.694%2C%20104.147%201.549%2C%20104.062%201.443%2C%20104.201%201.337%2C%20104.548%201.22%2C%20104.562%201.191%2C%20104.522%201.176%2C%20104.464%201.178%2C%20104.429%201.191%2C%20104.387%201.198%2C%20104.352%201.188%2C%20104.31%201.18%2C%20104.325%201.153%2C%20104.299%201.133%2C%20104.242%201.12%2C%20104.096%201.194%2C%20104.069%201.166%2C%20104.1%201.144%2C%20104.079%201.126%2C%20104.04%201.157%2C%20104.014%201.189%2C%20103.996%201.16%2C%20103.992%201.135%2C%20103.969%201.132%2C%20103.943%201.143%2C%20103.923%201.128%2C%20103.935%201.089%2C%20103.912%201.089%2C%20103.872%201.099%2C%20103.812%201.094%2C%20103.4%201.154%2C%20103.51%201.415%2C%20103.687%201.463%2C%20103.859%201.47%2C%20103.975%201.578%2C%20103.936%201.694))
2379	POLYGON((10.662%2059.913%2C%2010.784%2059.861%2C%2010.585%2059.765%2C%2010.655%2059.462%2C%2010.684%2059.325%2C%2010.741%2059.254%2C%2010.848%2059.172%2C%2010.949%2059.153%2C%2011.083%2059.126%2C%2011.195%2059.149%2C%2011.347%2059.116%2C%2011.393%2059.059%2C%2011.221%2059.004%2C%2011.102%2058.902%2C%2011.175%2058.856%2C%2011.223%2058.788%2C%2011.169%2058.746%2C%2011.281%2058.598%2C%2011.256%2058.521%2C%2011.271%2058.434%2C%2011.234%2058.374%2C%2011.373%2058.386%2C%2011.394%2058.36%2C%2011.442%2058.306%2C%2011.562%2058.38%2C%2011.647%2058.384%2C%2011.427%2058.229%2C%2011.643%2058.269%2C%2011.861%2058.335%2C%2011.864%2058.201%2C%2011.693%2058.079%2C%2011.507%2058.044%2C%2011.569%2058.012%2C%2010.586%2057.75%2C%208.901%2057.129%2C%207.106%2058.073%2C%207.149%2058.04%2C%207.328%2058.037%2C%207.484%2058.012%2C%207.569%2058.005%2C%207.691%2058.069%2C%207.904%2058.07%2C%208.014%2058.144%2C%208.076%2058.167%2C%208.192%2058.146%2C%208.264%2058.15%2C%208.277%2058.199%2C%208.384%2058.209%2C%208.434%2058.279%2C%208.534%2058.275%2C%208.656%2058.353%2C%208.798%2058.468%2C%208.967%2058.554%2C%209.027%2058.613%2C%209.194%2058.702%2C%209.137%2058.719%2C%209.343%2058.756%2C%209.298%2058.837%2C%209.378%2058.899%2C%209.563%2058.874%2C%209.597%2058.928%2C%209.746%2058.99%2C%209.593%2059.119%2C%209.741%2059.052%2C%209.846%2059.013%2C%2010.023%2058.975%2C%2010.132%2059.009%2C%2010.259%2059.072%2C%2010.312%2059.089%2C%2010.374%2059.26%2C%2010.444%2059.245%2C%2010.497%2059.328%2C%2010.361%2059.455%2C%2010.387%2059.655%2C%2010.286%2059.739%2C%2010.559%2059.539%2C%2010.473%2059.833%2C%2010.625%2059.884%2C%2010.662%2059.913))
4361	POLYGON((154.278%20-11.403%2C%20149.796%20-9.783%2C%20148.89%20-9.067%2C%20147.369%20-7.526%2C%20148.151%20-5.454%2C%20150.3%20-6.265%2C%20153.156%20-4.86%2C%20157.012%20-7.273%2C%20158.709%20-7.829%2C%20160.963%20-9.22%2C%20161.759%20-10.703%2C%20154.278%20-11.403))
1914	POLYGON((-50.68%200.0%2C%20-14.07%200.0%2C%209.517%20-1.187%2C%209.318%20-1.858%2C%209.908%20-2.467%2C%209.926%20-2.596%2C%2010.706%20-3.457%2C%2012.437%20-6.048%2C%2012.806%20-6.956%2C%2013.713%20-10.591%2C%2012.299%20-14.608%2C%2013.248%20-20.457%2C%2014.969%20-26.195%2C%2016.614%20-28.879%2C%2018.157%20-32.79%2C%2018.483%20-34.104%2C%2020.005%20-50.337%2C%20-15.288%20-60.0%2C%20-60.252%20-60.0%2C%20-65.242%20-54.833%2C%20-69.119%20-51.137%2C%20-66.352%20-48.301%2C%20-67.468%20-45.848%2C%20-65.391%20-44.597%2C%20-63.635%20-42.719%2C%20-65.119%20-40.878%2C%20-62.361%20-40.218%2C%20-62.337%20-38.82%2C%20-57.433%20-37.734%2C%20-52.337%20-32.417%2C%20-51.275%20-30.25%2C%20-51.199%20-30.21%2C%20-51.328%20-31.623%2C%20-48.638%20-27.734%2C%20-48.644%20-26.361%2C%20-48.458%20-25.39%2C%20-47.702%20-24.515%2C%20-45.532%20-23.829%2C%20-44.445%20-23.013%2C%20-43.115%20-22.865%2C%20-40.812%20-21.031%2C%20-40.823%20-19.527%2C%20-39.206%20-17.385%2C%20-38.928%20-13.914%2C%20-38.896%20-13.109%2C%20-38.316%20-12.924%2C%20-37.123%20-10.788%2C%20-35.427%20-9.321%2C%20-34.805%20-7.228%2C%20-36.261%20-5.11%2C%20-38.145%20-4.103%2C%20-41.255%20-3.016%2C%20-43.381%20-2.374%2C%20-44.212%20-2.865%2C%20-44.615%20-3.055%2C%20-44.559%20-1.834%2C%20-45.068%20-1.487%2C%20-45.608%20-1.3%2C%20-46.154%20-1.594%2C%20-46.451%20-0.909%2C%20-47.056%20-0.805%2C%20-47.588%20-0.705%2C%20-48.12%20-1.54%2C%20-49.397%20-2.043%2C%20-50.774%20-2.074%2C%20-50.989%20-1.993%2C%20-51.207%20-1.691%2C%20-51.971%20-2.697%2C%20-51.868%20-2.996%2C%20-53.506%20-1.929%2C%20-51.995%20-1.126%2C%20-50.68%200.0))
4332	POLYGON((119.283%2025.488%2C%20120.442%2022.554%2C%20121.805%2018.3%2C%20121.595%2018.365%2C%20121.074%2018.608%2C%20120.564%2018.269%2C%20120.362%2017.648%2C%20120.437%2017.092%2C%20120.365%2016.266%2C%20120.512%2015.849%2C%20120.154%2016.037%2C%20119.793%2016.338%2C%20119.906%2015.618%2C%20120.055%2014.896%2C%20120.302%2014.634%2C%20120.555%2014.748%2C%20120.841%2014.765%2C%20120.623%2014.246%2C%20119.399%2011.134%2C%20119.414%2010.871%2C%20119.245%2010.943%2C%20119.189%2010.444%2C%20118.961%2010.268%2C%20118.606%209.912%2C%20118.032%209.275%2C%20117.422%208.779%2C%20116.042%205.957%2C%20112.566%203.021%2C%20111.317%201.325%2C%20109.339%201.804%2C%20109.13%201.588%2C%20109.229%201.465%2C%20108.914%200.865%2C%20109.193%20-0.096%2C%20109.616%20-0.642%2C%20109.737%20-0.86%2C%20109.885%20-1.101%2C%20110.049%20-1.487%2C%20110.109%20-2.153%2C%20110.346%20-2.464%2C%20108.234%20-2.721%2C%20106.742%20-2.554%2C%20106.133%20-2.089%2C%20105.741%20-1.635%2C%20105.599%20-1.528%2C%20105.132%20-1.98%2C%20105.565%20-2.092%2C%20105.953%20-2.799%2C%20105.843%20-2.945%2C%20105.282%20-2.366%2C%20105.109%20-2.397%2C%20104.897%20-2.854%2C%20104.844%20-2.325%2C%20104.695%20-2.354%2C%20104.54%20-2.345%2C%20104.895%20-2.101%2C%20104.635%20-2.09%2C%20104.427%20-2.005%2C%20104.529%20-1.8%2C%20104.197%20-1.163%2C%20103.643%20-0.973%2C%20103.249%20-0.7%2C%20103.262%20-0.459%2C%20103.245%20-0.265%2C%20103.434%20-0.014%2C%20103.602%200.004%2C%20103.292%200.25%2C%20103.035%200.355%2C%20102.394%200.214%2C%20103.035%200.564%2C%20102.937%200.76%2C%20102.65%200.952%2C%20103.005%200.881%2C%20104.135%201.083%2C%20104.478%200.946%2C%20104.003%202.154%2C%20105.535%2010.272%2C%20108.468%2011.045%2C%20109.3%2013.406%2C%20108.256%2015.818%2C%20106.406%2017.749%2C%20106.875%2020.886%2C%20108.342%2021.569%2C%20109.901%2021.446%2C%20110.408%2021.175%2C%20112.213%2021.741%2C%20114.138%2023.061%2C%20114.611%2022.5%2C%20116.571%2023.019%2C%20117.819%2024.003%2C%20118.98%2024.881%2C%20119.283%2025.488))
1907	POLYGON((180.0%20-60.0%2C%20168.25%20-83.077%2C%20166.52%20-78.55%2C%20166.163%20-74.028%2C%20159.797%20-69.786%2C%20135.021%20-65.36%2C%20109.476%20-66.677%2C%2087.399%20-66.87%2C%2069.926%20-68.913%2C%2050.937%20-67.123%2C%2032.779%20-69.687%2C%20-2.717%20-70.446%2C%20-27.866%20-76.195%2C%20-48.642%20-81.753%2C%20-54.626%20-79.979%2C%20-54.623%20-79.302%2C%20-81.844%20-78.444%2C%20-62.104%20-74.907%2C%20-63.245%20-69.16%2C%20-61.427%20-66.107%2C%20-60.021%20-63.856%2C%20-66.155%20-66.602%2C%20-70.258%20-73.284%2C%20-92.942%20-73.202%2C%20-108.307%20-74.681%2C%20-134.167%20-74.835%2C%20-149.695%20-77.817%2C%20-153.264%20-81.199%2C%20-157.551%20-85.484%2C%20-180.0%20-69.7%2C%20-144.76%20-60.0%2C%20-99.81%20-60.0%2C%20-54.901%20-60.0%2C%20-9.937%20-60.0%2C%2035.02%20-60.0%2C%2079.984%20-60.0%2C%20124.948%20-60.0%2C%20169.849%20-60.0%2C%20180.0%20-60.0))
1910	POLYGON((167.583%20-22.733%2C%20161.018%20-8.866%2C%20156.562%20-6.645%2C%20146.588%20-2.011%2C%20140.529%20-2.431%2C%20139.738%20-2.349%2C%20138.828%20-1.945%2C%20138.009%20-1.588%2C%20137.949%20-1.486%2C%20137.705%20-1.499%2C%20137.409%20-1.661%2C%20137.291%20-1.816%2C%20137.223%20-2.011%2C%20137.04%20-2.123%2C%20136.668%20-2.259%2C%20136.21%20-2.624%2C%20135.861%20-3.0%2C%20135.314%20-3.387%2C%20134.812%20-3.04%2C%20134.538%20-2.461%2C%20134.335%20-2.567%2C%20134.125%20-1.897%2C%20134.102%20-1.12%2C%20133.622%20-0.737%2C%20132.677%20-0.37%2C%20131.662%20-0.743%2C%20131.234%20-1.103%2C%20131.069%20-1.011%2C%20130.711%20-0.888%2C%20130.795%20-0.796%2C%20130.158%20-0.069%2C%20180.0%20-15.236%2C%20146.87%20-47.995%2C%20167.6%20-47.215%2C%20168.162%20-47.083%2C%20167.922%20-46.962%2C%20168.99%20-46.666%2C%20169.589%20-46.566%2C%20170.066%20-46.209%2C%20170.742%20-45.861%2C%20170.571%20-45.734%2C%20170.972%20-45.127%2C%20171.618%20-44.131%2C%20172.812%20-43.88%2C%20173.094%20-43.739%2C%20172.708%20-43.648%2C%20172.864%20-43.115%2C%20173.625%20-42.421%2C%20174.277%20-41.743%2C%20176.131%20-40.993%2C%20176.724%20-40.235%2C%20176.875%20-39.461%2C%20177.866%20-39.099%2C%20177.963%20-38.688%2C%20178.355%20-38.046%2C%20178.031%20-37.545%2C%20177.336%20-37.988%2C%20176.681%20-37.862%2C%20176.176%20-37.663%2C%20175.942%20-37.465%2C%20175.872%20-36.999%2C%20175.769%20-36.704%2C%20175.344%20-36.482%2C%20175.499%20-36.974%2C%20175.173%20-36.942%2C%20174.716%20-36.852%2C%20174.722%20-36.669%2C%20174.771%20-36.446%2C%20174.59%20-36.118%2C%20174.427%20-35.789%2C%20174.537%20-35.639%2C%20174.366%20-35.34%2C%20174.159%20-35.265%2C%20174.046%20-35.191%2C%20173.787%20-35.004%2C%20173.506%20-34.99%2C%20173.291%20-34.999%2C%20172.974%20-34.527%2C%20173.053%20-34.414%2C%20167.583%20-22.733))
3346	POLYGON((-5.345%2036.109%2C%20-5.403%2035.922%2C%20-5.451%2035.912%2C%20-5.495%2035.888%2C%20-5.534%2035.859%2C%20-5.573%2035.839%2C%20-5.624%2035.835%2C%20-5.676%2035.834%2C%20-5.721%2035.828%2C%20-5.754%2035.797%2C%20-5.801%2035.78%2C%20-5.82%2035.792%2C%20-5.889%2035.801%2C%20-5.99%2036.179%2C%20-5.927%2036.182%2C%20-5.878%2036.161%2C%20-5.834%2036.118%2C%20-5.8%2036.08%2C%20-5.747%2036.071%2C%20-5.693%2036.068%2C%20-5.609%2036.0%2C%20-5.561%2036.02%2C%20-5.503%2036.043%2C%20-5.448%2036.057%2C%20-5.44%2036.086%2C%20-5.424%2036.127%2C%20-5.422%2036.176%2C%20-5.358%2036.161%2C%20-5.345%2036.109))
4358	POLYGON((120.323%2013.408%2C%20120.629%2013.196%2C%20120.783%2012.897%2C%20120.948%2012.482%2C%20121.115%2012.298%2C%20121.376%2012.005%2C%20122.064%2011.742%2C%20122.045%2011.214%2C%20121.967%2010.713%2C%20122.087%2010.558%2C%20122.599%2010.736%2C%20122.834%2010.998%2C%20123.094%2011.154%2C%20123.028%2010.915%2C%20122.848%2010.548%2C%20122.864%2010.14%2C%20122.449%209.957%2C%20122.447%209.632%2C%20122.866%209.328%2C%20123.412%208.639%2C%20123.001%208.425%2C%20122.682%208.127%2C%20122.246%207.972%2C%20122.134%207.64%2C%20122.064%207.314%2C%20122.042%206.915%2C%20121.868%206.571%2C%20121.182%206.04%2C%20121.016%205.924%2C%20120.018%205.233%2C%20119.779%205.041%2C%20118.023%205.401%2C%20117.779%205.885%2C%20117.696%206.408%2C%20116.78%206.571%2C%20117.323%208.451%2C%20117.54%208.644%2C%20117.937%208.852%2C%20118.187%209.153%2C%20118.535%209.374%2C%20118.736%209.684%2C%20118.756%209.815%2C%20119.089%2010.021%2C%20119.426%2010.352%2C%20119.673%2010.557%2C%20119.592%2010.755%2C%20119.562%2010.996%2C%20119.508%2011.369%2C%20119.934%2012.122%2C%20120.109%2011.996%2C%20120.34%2012.058%2C%20120.161%2012.126%2C%20119.915%2012.424%2C%20120.323%2013.408))
4365	POLYGON((159.033%20-30.0%2C%20173.016%20-34.818%2C%20173.269%20-35.426%2C%20173.564%20-35.414%2C%20173.803%20-36.02%2C%20173.895%20-35.983%2C%20174.219%20-36.179%2C%20174.272%20-36.266%2C%20174.418%20-36.415%2C%20174.272%20-36.61%2C%20174.763%20-36.94%2C%20174.719%20-37.213%2C%20174.785%20-37.326%2C%20174.878%20-37.779%2C%20174.869%20-37.949%2C%20174.794%20-38.131%2C%20174.581%20-38.818%2C%20173.83%20-39.447%2C%20174.844%20-39.869%2C%20175.255%20-40.505%2C%20174.803%20-41.117%2C%20174.862%20-41.333%2C%20174.082%20-41.517%2C%20174.154%20-41.347%2C%20173.964%20-41.268%2C%20174.191%20-41.13%2C%20174.014%20-40.965%2C%20173.869%20-41.153%2C%20173.802%20-41.282%2C%20173.787%20-41.098%2C%20173.896%20-40.96%2C%20173.529%20-41.104%2C%20173.062%20-41.181%2C%20172.895%20-40.821%2C%20172.858%20-40.514%2C%20172.316%20-40.726%2C%20171.887%20-41.594%2C%20171.376%20-42.032%2C%20170.848%20-42.84%2C%20170.203%20-43.181%2C%20169.195%20-43.73%2C%20168.708%20-43.994%2C%20168.355%20-44.031%2C%20167.883%20-44.431%2C%20167.535%20-44.804%2C%20167.194%20-45.012%2C%20167.098%20-45.177%2C%20167.098%20-45.468%2C%20166.874%20-45.427%2C%20166.803%20-45.571%2C%20166.759%20-45.766%2C%20166.699%20-45.956%2C%20166.901%20-45.934%2C%20167.106%20-46.256%2C%20167.991%20-46.377%2C%20168.343%20-46.499%2C%20168.444%20-46.607%2C%20168.044%20-46.819%2C%20167.632%20-47.039%2C%20148.007%20-44.068%2C%20147.969%20-43.179%2C%20149.926%20-36.997%2C%20150.672%20-35.163%2C%20151.251%20-33.593%2C%20151.963%20-32.809%2C%20153.005%20-30.458%2C%20159.033%20-30.0))
4344	POLYGON((127.862%20-8.215%2C%20132.226%20-11.462%2C%20132.454%20-12.534%2C%20130.859%20-12.444%2C%20130.627%20-12.763%2C%20129.596%20-14.019%2C%20130.021%20-14.803%2C%20129.789%20-15.2%2C%20128.882%20-14.858%2C%20127.927%20-15.249%2C%20127.51%20-14.091%2C%20122.912%20-10.925%2C%20123.225%20-10.824%2C%20123.344%20-10.587%2C%20123.421%20-10.472%2C%20123.874%20-10.322%2C%20124.127%20-10.168%2C%20124.601%20-9.983%2C%20124.939%20-9.677%2C%20127.632%20-8.226%2C%20127.862%20-8.215))
3386	POLYGON((9.457%2042.951%2C%209.962%2044.087%2C%2010.281%2043.7%2C%2010.418%2043.403%2C%2010.544%2042.933%2C%2010.925%2042.749%2C%2011.1%2042.441%2C%2011.526%2042.351%2C%2011.885%2042.038%2C%2012.295%2041.722%2C%2012.761%2041.413%2C%2013.268%2041.295%2C%2013.697%2041.249%2C%2014.044%2040.869%2C%2014.296%2040.836%2C%2014.323%2040.586%2C%2014.727%2040.667%2C%2014.943%2040.331%2C%2015.271%2040.032%2C%2015.684%2040.003%2C%2015.918%2039.525%2C%2016.223%2038.868%2C%2015.893%2038.577%2C%2015.722%2038.254%2C%2015.23%2038.212%2C%2014.707%2038.127%2C%2014.118%2038.017%2C%2013.593%2038.027%2C%2013.243%2038.191%2C%2012.823%2038.072%2C%2012.496%2038.014%2C%208.665%2038.907%2C%209.025%2039.013%2C%209.042%2039.259%2C%209.448%2039.126%2C%209.588%2039.345%2C%209.68%2039.827%2C%209.649%2040.162%2C%209.827%2040.516%2C%209.677%2040.812%2C%209.571%2040.9%2C%209.635%2040.988%2C%209.569%2041.107%2C%209.338%2041.203%2C%209.176%2041.374%2C%209.319%2041.553%2C%209.392%2041.668%2C%209.433%2041.981%2C%209.514%2042.585%2C%209.457%2042.951))
4283	POLYGON((-5.022%2058.578%2C%20-5.669%2057.547%2C%20-6.078%2056.762%2C%20-5.592%2056.324%2C%20-5.255%2056.107%2C%20-5.017%2055.086%2C%20-7.062%2055.18%2C%20-7.501%2056.95%2C%20-6.83%2057.906%2C%20-5.022%2058.578))
4248	POLYGON((44.036%2065.991%2C%2042.683%2066.4%2C%2040.675%2064.679%2C%2042.006%2063.355%2C%2043.041%2062.762%2C%2042.163%2060.952%2C%2042.569%2063.021%2C%2040.093%2064.599%2C%2036.548%2064.91%2C%2040.081%2062.347%2C%2038.74%2063.648%2C%2035.128%2064.398%2C%2034.185%2064.922%2C%2034.741%2065.525%2C%2034.847%2065.866%2C%2033.558%2066.474%2C%2032.538%2066.944%2C%2034.239%2066.693%2C%2040.576%2066.492%2C%2041.008%2067.499%2C%2044.212%2067.923%2C%2044.113%2066.15%2C%2044.363%2065.627%2C%2044.036%2065.991))
4303	POLYGON((121.942%2041.145%2C%20121.324%2039.509%2C%20121.113%2038.775%2C%20122.549%2039.494%2C%20124.257%2039.814%2C%20125.589%2039.828%2C%20125.181%2038.643%2C%20125.293%2037.886%2C%20125.717%2038.02%2C%20126.637%2037.421%2C%20126.34%2036.985%2C%20126.483%2036.516%2C%20126.837%2035.912%2C%20126.281%2035.081%2C%20125.942%2034.308%2C%20119.197%2034.822%2C%20120.233%2036.058%2C%20120.853%2036.61%2C%20122.377%2036.866%2C%20122.018%2037.514%2C%20120.298%2037.489%2C%20118.401%2038.114%2C%20117.78%2039.453%2C%20120.585%2040.361%2C%20121.942%2041.145))
